shapeName,shapeISO,shapeID,shapeGroup,shapeType
Mohexian,,17275852B82946568901730,CHN,ADM2
Tahexian,,17275852B26831530446211,CHN,ADM2
Geergunyouqi,,17275852B65388914557323,CHN,ADM2
Humaxian,,17275852B14150721831180,CHN,ADM2
Geergunzuoqi,,17275852B70108594636400,CHN,ADM2
Elunchunzizhiqi,,17275852B86600169878018,CHN,ADM2
Heiheshi,,17275852B85317988773277,CHN,ADM2
Nenjiangxian,,17275852B48225866785254,CHN,ADM2
Yakesheishi,,17275852B13766311075127,CHN,ADM2
Habahexian,,17275852B9631287381162,CHN,ADM2
Buerjinxian,,17275852B37724859432078,CHN,ADM2
Xunkexian,,17275852B41151305836450,CHN,ADM2
Sunwuxian,,17275852B8697011149313,CHN,ADM2
Jiayinxian,,17275852B43924849748349,CHN,ADM2
Molidawadahanerzuzizhiqi,,17275852B52963426746769,CHN,ADM2
Fuyuanxian,,17275852B420079691234,CHN,ADM2
Chenbaerhuqi,,17275852B82032886612970,CHN,ADM2
Tongjiangshi,,17275852B44650162727790,CHN,ADM2
Yichunshi,,17275852B85714732370304,CHN,ADM2
Aletaishi,,17275852B94643602360979,CHN,ADM2
Deduxian,,17275852B65652308253010,CHN,ADM2
Xinbaerhuyouqi,,17275852B82709828135465,CHN,ADM2
Xinbaerhuzuoqi,,17275852B51527717601337,CHN,ADM2
Jimunaixian,,17275852B65284596069119,CHN,ADM2
Arongqi,,17275852B92520018864052,CHN,ADM2
Manzhoulishi,,17275852B69502424824259,CHN,ADM2
Luobeixian,,17275852B40864949822732,CHN,ADM2
Hailaershi,,17275852B31670342403562,CHN,ADM2
Fuhaixian,,17275852B33058780855929,CHN,ADM2
Nehexian,,17275852B83793138609655,CHN,ADM2
Tachengshi,,17275852B20720560043260,CHN,ADM2
Wudalianchishi,,17275852B84070185165183,CHN,ADM2
Hegangshi,,17275852B5537933290426,CHN,ADM2
Raohexian,,17275852B98111849813903,CHN,ADM2
Ewenkezuzizhiqi,,17275852B77637740681005,CHN,ADM2
Fuyunxian,,17275852B28125474199098,CHN,ADM2
Suibinxian,,17275852B6702231403188,CHN,ADM2
Erminxian,,17275852B5244686228582,CHN,ADM2
Beianshi,,17275852B7827558981066,CHN,ADM2
Fujinshi,,17275852B43493819232637,CHN,ADM2
Keshanxian,,17275852B24734854734190,CHN,ADM2
Shuilengxian,,17275852B49400958252995,CHN,ADM2
Kedongxian,,17275852B13083116860354,CHN,ADM2
Hebukesaiermengguzizhixian,,17275852B37064282783029,CHN,ADM2
Zalantunshi,,17275852B65249545845720,CHN,ADM2
Yuminxian,,17275852B60193722471131,CHN,ADM2
Hailunshi,,17275852B29428979492250,CHN,ADM2
Huachuanxian,,17275852B46896052912863,CHN,ADM2
Tangyuanxian,,17275852B53456651554763,CHN,ADM2
Yianxian,,17275852B39795357410298,CHN,ADM2
Tuolixian,,17275852B94946930956337,CHN,ADM2
Baiquanxian,,17275852B93273506517078,CHN,ADM2
Fuyuxian,,17275852B91046479482528,CHN,ADM2
Baoqingxian,,17275852B31485456896281,CHN,ADM2
Qinganxian,,17275852B4348228396451,CHN,ADM2
Youyixian,,17275852B13895466380416,CHN,ADM2
Jixianxian,,17275852B3040275357784,CHN,ADM2
Qinghexian,,17275852B66735617717919,CHN,ADM2
Qiqihaershi,,17275852B96399789734520,CHN,ADM2
Tielishi,,17275852B16735928529362,CHN,ADM2
Hulinxian,,17275852B19203067323490,CHN,ADM2
Jiamusishi,,17275852B89554286744973,CHN,ADM2
Suangyashanshi,,17275852B86053611706040,CHN,ADM2
Mingshuixian,,17275852B52896681162372,CHN,ADM2
Kelamayishi,,17275852B42907711832232,CHN,ADM2
Longjiangxian,,17275852B18796033389901,CHN,ADM2
Lindianxian,,17275852B5319126503522,CHN,ADM2
Wenquanxian,,17275852B68969533729005,CHN,ADM2
Boleshi,,17275852B51178591084361,CHN,ADM2
Suihuashi,,17275852B96570873491739,CHN,ADM2
Wangkuixian,,17275852B94426720359258,CHN,ADM2
Huananxian,,17275852B92338711057644,CHN,ADM2
Yilanxian,,17275852B54572941928275,CHN,ADM2
Qinggangxian,,17275852B20248454602169,CHN,ADM2
Keerqinyouyiqianqi,,17275852B29845184565126,CHN,ADM2
Huochengxian,,17275852B37374270123703,CHN,ADM2
Bolixian,,17275852B99243547616333,CHN,ADM2
Zhafente,,17275852B54886532312122,CHN,ADM2
Duerbotemengguzuzizhixian,,17275852B90594004282019,CHN,ADM2
Andashi,,17275852B54331232099508,CHN,ADM2
Tonghexian,,17275852B78824557708439,CHN,ADM2
Jinghexian,,17275852B65931377787385,CHN,ADM2
Tailaixian,,17275852B38841312752266,CHN,ADM2
Bayanxian,,17275852B81639115930671,CHN,ADM2
Mulanxian,,17275852B12607775599586,CHN,ADM2
Daqingshi,,17275852B71134370106008,CHN,ADM2
Mishanshi,,17275852B18460482115025,CHN,ADM2
Wushuxian,,17275852B1480822694432,CHN,ADM2
Lanxixian,,17275852B74399116610803,CHN,ADM2
Shawanxian,,17275852B73402209651960,CHN,ADM2
Fangzhengxian,,17275852B34740145972758,CHN,ADM2
Qitaiheshi,,17275852B48392713196109,CHN,ADM2
Hulanxian,,17275852B48869243340450,CHN,ADM2
Manashixian,,17275852B65393579518201,CHN,ADM2
Linkouxian,,17275852B78133402319416,CHN,ADM2
Yiningxian,,17275852B91471974013893,CHN,ADM2
Zhaodongshi,,17275852B23353314918151,CHN,ADM2
Jidongxian,,17275852B82452317993245,CHN,ADM2
Hutubixian,,17275852B91248766779193,CHN,ADM2
Binxian,,17275852B86152263662699,CHN,ADM2
Changjishi,,17275852B11647586732977,CHN,ADM2
Nilekexian,,17275852B17542549180350,CHN,ADM2
Dongwuzhumuqinqi,,17275852B70900834557546,CHN,ADM2
Jixishi,,17275852B92965697503139,CHN,ADM2
Achengshi,,17275852B813117305200,CHN,ADM2
Zhaozhouxian,,17275852B12642357286533,CHN,ADM2
Kuitunshi,,17275852B5867719674470,CHN,ADM2
Zhenlaixian,,17275852B2487854423028,CHN,ADM2
Yanshouxian,,17275852B38506452507286,CHN,ADM2
Chabuchaerxibozuzizhixian,,17275852B35541552724196,CHN,ADM2
Hailinshi,,17275852B73485451464780,CHN,ADM2
Haerbinshi,,17275852B62742745762805,CHN,ADM2
Yiningshi,,17275852B85233502536199,CHN,ADM2
Shangzhishi,,17275852B55723809295301,CHN,ADM2
Wulanhaoteshi,,17275852B35052748065606,CHN,ADM2
Qitaixian,,17275852B51760047756920,CHN,ADM2
Miquanshi,,17275852B96869681587114,CHN,ADM2
Zhaoyuanxian,,17275852B38664096853775,CHN,ADM2
Fukangshi,,17275852B55251337801653,CHN,ADM2
Shuangchengshi,,17275852B98361871775237,CHN,ADM2
Mulingxian,,17275852B18721447375407,CHN,ADM2
Jimushaerxian,,17275852B97207939179574,CHN,ADM2
Gongliuxian,,17275852B61297794416649,CHN,ADM2
Taonanshi,,17275852B70872957460472,CHN,ADM2
Tuquanxian,,17275852B49862163937258,CHN,ADM2
Wuchangshi,,17275852B79901110252407,CHN,ADM2
Shihezhishi,,17275852B29384927995689,CHN,ADM2
Daanshi,,17275852B90715485234278,CHN,ADM2
Fuyuxian,,17275852B56115522243602,CHN,ADM2
Zhaoshuxian,,17275852B90369139050224,CHN,ADM2
Dongningxian,,17275852B60315017226408,CHN,ADM2
Muleihashakezizhixian,,17275852B8889121757377,CHN,ADM2
Keerqinyouyizhongqi,,17275852B94258836786068,CHN,ADM2
Xinyuanxian,,17275852B3898938681300,CHN,ADM2
Tekeshixian,,17275852B62331342060318,CHN,ADM2
Baichengshi,,17275852B46990704358401,CHN,ADM2
Balikunhashakezizhixian,,17275852B30377041544199,CHN,ADM2
Qianguoerluomengguzuzizhixian,,17275852B64569673614706,CHN,ADM2
Yushushi,,17275852B51096101365561,CHN,ADM2
Mudanjiangshi,,17275852B86652780330995,CHN,ADM2
Suifenheshi,,17275852B48941072089038,CHN,ADM2
Qiananxian,,17275852B64891090868087,CHN,ADM2
Huolinguoleshi,,17275852B56398394923562,CHN,ADM2
Zaluteqi,,17275852B95395692507678,CHN,ADM2
Tongyuxian,,17275852B57121047739450,CHN,ADM2
Wulumuqixian,,17275852B2907360280389,CHN,ADM2
Nonganxian,,17275852B23076534841133,CHN,ADM2
Ninganxian,,17275852B98687727068840,CHN,ADM2
Hejingxian,,17275852B73975880118601,CHN,ADM2
Dehuishi,,17275852B55897880766736,CHN,ADM2
Shulanshi,,17275852B1513917841964,CHN,ADM2
Dunhuashi,,17275852B25791549773250,CHN,ADM2
Xiwuzhumuqinqi,,17275852B56985443636553,CHN,ADM2
Wulumuqishi,,17275852B35279738214019,CHN,ADM2
Alukeerqinqi,,17275852B28695877218425,CHN,ADM2
Abagaqi,,17275852B50417809016381,CHN,ADM2
Wenshuxian,,17275852B28778137217024,CHN,ADM2
Jiutaishi,,17275852B97987014835008,CHN,ADM2
Wangqingxian,,17275852B83639494585988,CHN,ADM2
Baichengxian,,17275852B70115812248648,CHN,ADM2
Changlingxian,,17275852B88540806846361,CHN,ADM2
Yongjixian,,17275852B74520977937427,CHN,ADM2
Kuchexian,,17275852B33564676307243,CHN,ADM2
Wushenxian,,17275852B96647560142369,CHN,ADM2
Aheqixian,,17275852B1331930628057,CHN,ADM2
Jiaohexian,,17275852B27092731341143,CHN,ADM2
Tulufanshi,,17275852B82973388541806,CHN,ADM2
Yiwuxian,,17275852B50829513875986,CHN,ADM2
Jilinshi,,17275852B64635512622708,CHN,ADM2
Keerqinzuoyizhongqi,,17275852B95858400881783,CHN,ADM2
Balinzuoqi,,17275852B4549102365820,CHN,ADM2
Tuokexunxian,,17275852B14447575237215,CHN,ADM2
Huichunshi,,17275852B73984278517457,CHN,ADM2
Shunitezuoqi,,17275852B60640643165285,CHN,ADM2
Xilinhaoteshi,,17275852B88620213203291,CHN,ADM2
Wuqiaxian,,17275852B52793743110999,CHN,ADM2
Luntaixian,,17275852B34916500668662,CHN,ADM2
Gongzhulingshi,,17275852B16224018213491,CHN,ADM2
Changchunshi,,17275852B64529865795141,CHN,ADM2
Qishanxian,,17275852B62165589707618,CHN,ADM2
Atushenshi,,17275852B69139155184623,CHN,ADM2
Nonganxian,,17275852B99224505968216,CHN,ADM2
Suanliaoxian,,17275852B84530901473191,CHN,ADM2
Balinyouqi,,17275852B65428368000852,CHN,ADM2
Longjingshi,,17275852B48723260716788,CHN,ADM2
Antuxian,,17275852B10463544903813,CHN,ADM2
Heshuoxian,,17275852B43936626539686,CHN,ADM2
Kailuxian,,17275852B3517476181701,CHN,ADM2
Tumenshi,,17275852B25327527965287,CHN,ADM2
Linxixian,,17275852B55327839943474,CHN,ADM2
Tongliaoshi,,17275852B15742590166346,CHN,ADM2
Lishuxian,,17275852B99117401306703,CHN,ADM2
Huadianshi,,17275852B52479935584445,CHN,ADM2
Xinhexian,,17275852B41724533604601,CHN,ADM2
Kepingxian,,17275852B87724179019272,CHN,ADM2
Yitongmazuzizixian,,17275852B69395570489772,CHN,ADM2
Akeshushi,,17275852B23370591957325,CHN,ADM2
Anketaoxian,,17275852B99352197075157,CHN,ADM2
Kuerleshi,,17275852B17496009208379,CHN,ADM2
Panshishi,,17275852B76401344363897,CHN,ADM2
Yanjishi,,17275852B8726104203357,CHN,ADM2
Keshenketengqi,,17275852B61781573612206,CHN,ADM2
Keerqinzuoyihouqi,,17275852B75702344877030,CHN,ADM2
Yanqihuizuzizhixian,,17275852B97695754609424,CHN,ADM2
Helongshi,,17275852B47625566226422,CHN,ADM2
Shayaxian,,17275852B53133838096937,CHN,ADM2
Changtuxian,,17275852B85208147359460,CHN,ADM2
Bohuxian,,17275852B175268982459,CHN,ADM2
Awatixian,,17275852B12083798266563,CHN,ADM2
Shufuxian,,17275852B85415819267910,CHN,ADM2
Jiashixian,,17275852B5416940635824,CHN,ADM2
Dongliaoxian,,17275852B93882795004592,CHN,ADM2
Bachuxian,,17275852B1462759834152,CHN,ADM2
Dongfengxian,,17275852B6831419927027,CHN,ADM2
Naimanqi,,17275852B31406563178063,CHN,ADM2
Keshishi,,17275852B98393646664938,CHN,ADM2
Wushongxian,,17275852B84565810607959,CHN,ADM2
Sipingshi,,17275852B13666567623021,CHN,ADM2
Xifengxian,,17275852B24496920463132,CHN,ADM2
Meihekoushi,,17275852B46409190043815,CHN,ADM2
Jingyuxian,,17275852B13668088847896,CHN,ADM2
Wengniuteqi,,17275852B22648415427517,CHN,ADM2
Liaoyuanshi,,17275852B34101037808925,CHN,ADM2
Erlianhaoteshi,,17275852B84578587562532,CHN,ADM2
Weilixian,,17275852B79135697753229,CHN,ADM2
Huinanxian,,17275852B29335919456575,CHN,ADM2
Shuniteyouqi,,17275852B79222988236433,CHN,ADM2
Shulexian,,17275852B5317010680928,CHN,ADM2
Kulunqi,,17275852B94154852407414,CHN,ADM2
Kangpingxian,,17275852B90955617897977,CHN,ADM2
Kaiyuanshi,,17275852B32707702299700,CHN,ADM2
Yuepuhuxian,,17275852B84983521751099,CHN,ADM2
Liuhexian,,17275852B88902321202889,CHN,ADM2
Ejinaqi,,17275852B82593256052894,CHN,ADM2
Aohanqi,,17275852B34095213471930,CHN,ADM2
Shubeimengguzuzizhixian,,17275852B85468107399147,CHN,ADM2
Zhangwuxian,,17275852B17062051700904,CHN,ADM2
Yingjishaxian,,17275852B67319304369245,CHN,ADM2
Siziwangqi,,17275852B24544375432219,CHN,ADM2
Fakuxian,,17275852B35483694645083,CHN,ADM2
Zhenglanqi,,17275852B24432249933156,CHN,ADM2
Qingyuanmanzuzizhixian,,17275852B64701323045966,CHN,ADM2
Tiefashi,,17275852B45416000286574,CHN,ADM2
Linjiangshi,,17275852B83006271829254,CHN,ADM2
Maigaitixian,,17275852B77396495386075,CHN,ADM2
Tielingxian,,17275852B78107772959267,CHN,ADM2
Zhengxiangbaiqi,,17275852B22612364472373,CHN,ADM2
Tashenkuergantajike,,17275852B723995182906,CHN,ADM2
Fuxinmengguzuzizhixian,,17275852B96105205848287,CHN,ADM2
Changbaichaoxianzuxian,,17275852B9687470539084,CHN,ADM2
Shachexian,,17275852B77510638235800,CHN,ADM2
Tielingshi,,17275852B61681458504128,CHN,ADM2
Cifengshi,,17275852B75499036549183,CHN,ADM2
Moyuxian,,17275852B48697891687306,CHN,ADM2
Xinminxian,,17275852B6534078784607,CHN,ADM2
Ruoqiangxian,,17275852B47937532060975,CHN,ADM2
Xianghuangqi,,17275852B82302902278950,CHN,ADM2
Shenyangshi,,17275852B24114902469869,CHN,ADM2
Tonghuashi,,17275852B42153341465111,CHN,ADM2
Fushunxian,,17275852B86388374296600,CHN,ADM2
Weichangxian,,17275852B66983384026241,CHN,ADM2
Xinbinmanzuzizhixian,,17275852B73290715901358,CHN,ADM2
Qiemoxian,,17275852B94095617750624,CHN,ADM2
Daerhanmaominganlianheqi,,17275852B17909208638027,CHN,ADM2
Duolunxian,,17275852B97242903030707,CHN,ADM2
Fushunshi,,17275852B3314548808072,CHN,ADM2
Beipiaoshi,,17275852B1058142592296,CHN,ADM2
Jianpingxian,,17275852B71649126767097,CHN,ADM2
Luopuxian,,17275852B22406189528444,CHN,ADM2
Heishanxian,,17275852B31091086722969,CHN,ADM2
Anxixian,,17275852B38336781870813,CHN,ADM2
Fuxinshi,,17275852B83265594522255,CHN,ADM2
Celexian,,17275852B11484115656970,CHN,ADM2
Jianshi,,17275852B46908131998569,CHN,ADM2
Kelinqinqi,,17275852B46788818510645,CHN,ADM2
Dunhuangshi,,17275852B69912313660845,CHN,ADM2
Wulatezhongqi,,17275852B73146949110998,CHN,ADM2
Huanrenmanzuzizhixian,,17275852B21110522746519,CHN,ADM2
Pishanxian,,17275852B89672063790768,CHN,ADM2
Yechengxian,,17275852B17844458275319,CHN,ADM2
Wulatehouqi,,17275852B97961566945863,CHN,ADM2
Yutianxian,,17275852B82842450374708,CHN,ADM2
Zepuxian,,17275852B95552643284070,CHN,ADM2
Huadexian,,17275852B97301454350730,CHN,ADM2
Minfengxian,,17275852B94398631630715,CHN,ADM2
Liaozhongxian,,17275852B9757682931063,CHN,ADM2
Taipusiqi,,17275852B76051276542746,CHN,ADM2
Beizhenmanzuzizhixian,,17275852B14323409203108,CHN,ADM2
Chaoyangxian,,17275852B7457882851583,CHN,ADM2
Yixian,,17275852B12334721077046,CHN,ADM2
Qinghemenqu,,17275852B66026768477176,CHN,ADM2
Benximanzuzizhixian,,17275852B24282650686841,CHN,ADM2
Dengtaxian,,17275852B95723750150235,CHN,ADM2
Kangbaoxian,,17275852B28404307874661,CHN,ADM2
Shangduxian,,17275852B68916318815205,CHN,ADM2
Benxishi,,17275852B44316750348648,CHN,ADM2
Alashanyouqi,,17275852B71309875308299,CHN,ADM2
Ningchengxian,,17275852B65824385792838,CHN,ADM2
Fengningmanzuzizhixian,,17275852B21539803830882,CHN,ADM2
Taianxian,,17275852B53097851114152,CHN,ADM2
Chaoyangshi,,17275852B57009316044969,CHN,ADM2
Guyuanxian,,17275852B39600332445203,CHN,ADM2
Liaoyangxian,,17275852B95661757345767,CHN,ADM2
Chahaeryouyihouqi,,17275852B86551151627376,CHN,ADM2
Alashanzuoqi,,17275852B45855584289295,CHN,ADM2
Longhuaxian,,17275852B35501076254176,CHN,ADM2
Panjinshi,,17275852B37720853812931,CHN,ADM2
Liaoyangshi,,17275852B15319781734088,CHN,ADM2
Kuandianmanzuzizhixian,,17275852B84212700890694,CHN,ADM2
Liaoyangxian,,17275852B39219374896379,CHN,ADM2
Linhaishi,,17275852B41805227755069,CHN,ADM2
Kalaqinzuoqimengguzuzizhixian,,17275852B61069988090989,CHN,ADM2
Chahaeryouyizhongqi,,17275852B38490404484695,CHN,ADM2
Fenchengmanzuzizhixian,,17275852B84212901325884,CHN,ADM2
Anshanshi,,17275852B26654787502327,CHN,ADM2
Haichengshi,,17275852B48345939826148,CHN,ADM2
Lingyuanshi,,17275852B91412224114193,CHN,ADM2
Chengdexian,,17275852B45953294841051,CHN,ADM2
Dawaxian,,17275852B81846538801292,CHN,ADM2
Jinzhoushi,,17275852B53613184067027,CHN,ADM2
Pingquanxian,,17275852B21529969500985,CHN,ADM2
Zhangbeixian,,17275852B74586174185496,CHN,ADM2
Shangyixian,,17275852B92392502748538,CHN,ADM2
Huludaoishi,,17275852B46541486927830,CHN,ADM2
Yingkoushi,,17275852B59532117303375,CHN,ADM2
Cichengxian,,17275852B68447300329810,CHN,ADM2
Youyanmanzuzizhixian,,17275852B32740825868376,CHN,ADM2
Xinghexian,,17275852B22182624504514,CHN,ADM2
Jianchangshi,,17275852B63383755869937,CHN,ADM2
Guyangxian,,17275852B6490161611892,CHN,ADM2
Luanpingxian,,17275852B78610390708344,CHN,ADM2
Hetianxian,,17275852B1112091898416,CHN,ADM2
Yumenshi,,17275852B51869072480916,CHN,ADM2
Chonglixian,,17275852B15523465043405,CHN,ADM2
Chengdeshi,,17275852B22736277138860,CHN,ADM2
Wuchuangxian,,17275852B60762833036568,CHN,ADM2
Jintaxian,,17275852B94963015642922,CHN,ADM2
Yingkoushi,,17275852B24415258525974,CHN,ADM2
Zuozixian,,17275852B56850756381420,CHN,ADM2
Linheshi,,17275852B45264822840629,CHN,ADM2
Wuyuanxian,,17275852B4230864536687,CHN,ADM2
Chahaeryouyiqianqi,,17275852B193788097700,CHN,ADM2
Hangjinhouqi,,17275852B6563591332882,CHN,ADM2
Wulateqianqi,,17275852B50024648693467,CHN,ADM2
Huairouxian,,17275852B95574356023337,CHN,ADM2
Xingchengshi,,17275852B24361279128623,CHN,ADM2
Huhehaoteshi,,17275852B58561192252896,CHN,ADM2
Gaizhoushi,,17275852B81763156476320,CHN,ADM2
Jiningshi,,17275852B42573248116242,CHN,ADM2
Dandongshi,,17275852B15106805877311,CHN,ADM2
Wanquanxian,,17275852B37803356904979,CHN,ADM2
Kuanchengmanzuzizhixian,,17275852B20323770219280,CHN,ADM2
Zhangjiakoushi,,17275852B66003162693266,CHN,ADM2
Suizhongxian,,17275852B9957095169708,CHN,ADM2
Dengkouxian,,17275852B79263520770816,CHN,ADM2
Miyunxian,,17275852B7080321063595,CHN,ADM2
Donggangshi,,17275852B5451569144620,CHN,ADM2
Xinglongxian,,17275852B83634722552305,CHN,ADM2
Xuanhuaxian,,17275852B21810019705519,CHN,ADM2
Tumutezuoqi,,17275852B36655604222163,CHN,ADM2
Yanqingxian,,17275852B53922912898325,CHN,ADM2
Qinglongmanzuzizhixian,,17275852B43165756519885,CHN,ADM2
Hangjinqi,,17275852B83380661850476,CHN,ADM2
Akesaihashakezuzizhixian,,17275852B63320654095461,CHN,ADM2
Liangchengxian,,17275852B38329795368035,CHN,ADM2
Huaianxian,,17275852B64978204094712,CHN,ADM2
Shubeimengguzuzizhixian,,17275852B85726473757330,CHN,ADM2
Tumuteyouqi,,17275852B27242410268573,CHN,ADM2
Fengzhenshi,,17275852B71745014009476,CHN,ADM2
Tianzhenxian,,17275852B3191374563012,CHN,ADM2
Zhuangheshi,,17275852B49602881017994,CHN,ADM2
Baotoushi,,17275852B83584927302596,CHN,ADM2
Huailaixian,,17275852B41187046911697,CHN,ADM2
Hetianshi,,17275852B89261337278661,CHN,ADM2
Helingeerxian,,17275852B93625175463286,CHN,ADM2
Qianxixian,,17275852B31900972836749,CHN,ADM2
Wafangdianshi,,17275852B24476472807157,CHN,ADM2
Funingxian,,17275852B36714320356801,CHN,ADM2
Jiyuguanshi,,17275852B58588105655352,CHN,ADM2
Yanggaoxian,,17275852B56009771546670,CHN,ADM2
Tuoketuoqi,,17275852B20617662043886,CHN,ADM2
Zhuoluxian,,17275852B21512782047125,CHN,ADM2
Dalateqi,,17275852B68283317499250,CHN,ADM2
Zhunhuashi,,17275852B62534367670886,CHN,ADM2
Pingguxian,,17275852B72922623961147,CHN,ADM2
Changpingxin,,17275852B84580276321378,CHN,ADM2
Xinjinxian,,17275852B66176667563352,CHN,ADM2
Jiuquanshi,,17275852B47668489032021,CHN,ADM2
Qiananshi,,17275852B69801287390069,CHN,ADM2
Datongshi,,17275852B90378533110631,CHN,ADM2
Shunyixian,,17275852B24643771294108,CHN,ADM2
Qinhuangdaoshi,,17275852B89036303488164,CHN,ADM2
Yangyuanxian,,17275852B97070335713694,CHN,ADM2
Jixian,,17275852B84296108244083,CHN,ADM2
Lulongxian,,17275852B4344290320214,CHN,ADM2
Zungeerqi,,17275852B50201707862643,CHN,ADM2
Delinghashi,,17275852B98939713320160,CHN,ADM2
Youyuxian,,17275852B47458631876415,CHN,ADM2
Gaotaixian,,17275852B9906330446549,CHN,ADM2
Fengruanxian,,17275852B79805983057899,CHN,ADM2
Datongxian,,17275852B35645378911684,CHN,ADM2
Beijingshi,,17275852B40522342172572,CHN,ADM2
Shanheshi,,17275852B75890737929332,CHN,ADM2
Weixian,,17275852B16095129082560,CHN,ADM2
Zuoyunxian,,17275852B83242831667853,CHN,ADM2
Shunanyuguzuzizhixian,,17275852B72317130625563,CHN,ADM2
Ertuokeqi,,17275852B56784937332062,CHN,ADM2
Shunanyuguzuzizhixian,,17275852B72333986242367,CHN,ADM2
Luanxian,,17275852B88151757349593,CHN,ADM2
Qingshuihexian,,17275852B631335600884,CHN,ADM2
Yutianxian,,17275852B71122715185286,CHN,ADM2
Changhaixian,,17275852B8642781403558,CHN,ADM2
Tangshanshi,,17275852B32842590404417,CHN,ADM2
Tongxian,,17275852B72792517073116,CHN,ADM2
Dachanghuizuzizhixian,,17275852B38375506939997,CHN,ADM2
Changlixian,,17275852B9681816955607,CHN,ADM2
Linzhexian,,17275852B31261080204331,CHN,ADM2
Laishuixian,,17275852B84727014688033,CHN,ADM2
Guanglingxian,,17275852B39016833946044,CHN,ADM2
Baodixian,,17275852B23021356422447,CHN,ADM2
Xianhaexian,,17275852B60414806889849,CHN,ADM2
Pingluqu,,17275852B30245146594841,CHN,ADM2
Dongshengshi,,17275852B12777490029839,CHN,ADM2
Huairenxian,,17275852B35516654467080,CHN,ADM2
Daxingxian,,17275852B41788529093737,CHN,ADM2
Hunyuanxian,,17275852B47591156995264,CHN,ADM2
Luannanxian,,17275852B56182979447767,CHN,ADM2
Dalianshi,,17275852B83272093468807,CHN,ADM2
Changhaixian,,17275852B28680875187505,CHN,ADM2
Fengnanxian,,17275852B84472681161194,CHN,ADM2
Wuqingxian,,17275852B90394685615550,CHN,ADM2
Wulanxian,,17275852B14401300973090,CHN,ADM2
Changhaixian,,17275852B26462026898013,CHN,ADM2
Tianjunxian,,17275852B96460038154485,CHN,ADM2
Ninghexian,,17275852B35450332359336,CHN,ADM2
Wuhaishi,,17275852B72607841305823,CHN,ADM2
Yijinhuoluoqi,,17275852B3088754118842,CHN,ADM2
Changhaixian,,17275852B32574814957612,CHN,ADM2
Langfangshi,,17275852B56564088961928,CHN,ADM2
Laiyuanxian,,17275852B8665149309175,CHN,ADM2
Shanyinxian,,17275852B79289816536365,CHN,ADM2
Changhaixian,,17275852B12997706676088,CHN,ADM2
Yingxian,,17275852B87734958139562,CHN,ADM2
Lingqiuxian,,17275852B40893074531013,CHN,ADM2
Zhuozhoushi,,17275852B39788170688741,CHN,ADM2
Zhangyeshi,,17275852B79025742325960,CHN,ADM2
Luannanxian,,17275852B94774630505431,CHN,ADM2
Yixian,,17275852B93565976694521,CHN,ADM2
Guanxian,,17275852B55754577664448,CHN,ADM2
Yongqingxian,,17275852B431696373370,CHN,ADM2
Fuguxian,,17275852B92543718728466,CHN,ADM2
Minqinxian,,17275852B4224609825928,CHN,ADM2
Qilianxian,,17275852B88619993156988,CHN,ADM2
Tianjinshi,,17275852B53166682632414,CHN,ADM2
Xinchengxian,,17275852B37388992508665,CHN,ADM2
Shouzhoushi,,17275852B62103868434319,CHN,ADM2
Fanshixian,,17275852B40698668537682,CHN,ADM2
Shenmuxian,,17275852B71560826208449,CHN,ADM2
Dingxingxian,,17275852B52451636784299,CHN,ADM2
Hequxian,,17275852B70463469741157,CHN,ADM2
Huinongxian,,17275852B92852559512567,CHN,ADM2
Huinongxian,,17275852B65553722631482,CHN,ADM2
Shencixian,,17275852B1239940213034,CHN,ADM2
Wushenqi,,17275852B94979203224281,CHN,ADM2
Baxian,,17275852B31491185089163,CHN,ADM2
Daixian,,17275852B13851932381153,CHN,ADM2
Shizhuishanshi,,17275852B37493799025038,CHN,ADM2
Shandanxian,,17275852B57895584648744,CHN,ADM2
Xiongxian,,17275852B36087518478347,CHN,ADM2
Xushuixian,,17275852B17915990545621,CHN,ADM2
Wuzaixian,,17275852B63199438380671,CHN,ADM2
Jinghaixian,,17275852B9474953962086,CHN,ADM2
Rongchengxian,,17275852B86260962826974,CHN,ADM2
Yongchangxian,,17275852B7169802156044,CHN,ADM2
Manchengxian,,17275852B48628808884304,CHN,ADM2
Wanxian,,17275852B32989531796686,CHN,ADM2
Tangxian,,17275852B59002516276853,CHN,ADM2
Wenanxian,,17275852B21727756292013,CHN,ADM2
Pingluoxian,,17275852B21760145017790,CHN,ADM2
Yuanpingshi,,17275852B85778198402865,CHN,ADM2
Fupingxian,,17275852B46736465172107,CHN,ADM2
Ningwuxian,,17275852B36024726749536,CHN,ADM2
Minlexian,,17275852B33290626310023,CHN,ADM2
Wutaixian,,17275852B25901389644187,CHN,ADM2
Anxinxian,,17275852B20688362661640,CHN,ADM2
Taolexian,,17275852B32909465051494,CHN,ADM2
Baodexian,,17275852B54112477188231,CHN,ADM2
Renqiushi,,17275852B12009758175917,CHN,ADM2
Baodingshi,,17275852B35191117841364,CHN,ADM2
Qingyuanxian,,17275852B70455093500286,CHN,ADM2
Quyangxian,,17275852B48796108703718,CHN,ADM2
Dachengxian,,17275852B96657206671737,CHN,ADM2
Kelanxian,,17275852B14099379980458,CHN,ADM2
Helanxian,,17275852B1612458148205,CHN,ADM2
Qingxian,,17275852B57492284435715,CHN,ADM2
Wangduxian,,17275852B69472300438393,CHN,ADM2
Jinchangshi,,17275852B16661469431892,CHN,ADM2
Ertuokeqianqi,,17275852B41932351427715,CHN,ADM2
Gaoyangxian,,17275852B48027257295245,CHN,ADM2
Rituxian,,17275852B19431539171013,CHN,ADM2
Yulinshi,,17275852B78338650280434,CHN,ADM2
Huanghuashi,,17275852B42311251295370,CHN,ADM2
Pingshanxian,,17275852B69993211466305,CHN,ADM2
Lingshouxian,,17275852B95887002471957,CHN,ADM2
Geermushi,,17275852B26523048151757,CHN,ADM2
Hejianshi,,17275852B90293274121417,CHN,ADM2
Gangchaxian,,17275852B65042092306901,CHN,ADM2
Lixian,,17275852B29896348675191,CHN,ADM2
Xingtangxian,,17275852B58371513472148,CHN,ADM2
Dingzhoushi,,17275852B70843634097749,CHN,ADM2
Yinchuanshi,,17275852B26681120779317,CHN,ADM2
Changxian,,17275852B30373565857678,CHN,ADM2
Qizhoushi,,17275852B43163945505607,CHN,ADM2
Xingxian,,17275852B28437543476073,CHN,ADM2
Gaizexian,,17275852B48907401127116,CHN,ADM2
Dingxiangxian,,17275852B20523218306547,CHN,ADM2
Jinglexian,,17275852B94560102081669,CHN,ADM2
Boyexian,,17275852B21011904878760,CHN,ADM2
Shuningxian,,17275852B51175072856676,CHN,ADM2
Anguoshi,,17275852B7444451912335,CHN,ADM2
Xinleshi,,17275852B71216121267542,CHN,ADM2
Lanxian,,17275852B95101267959154,CHN,ADM2
Changzhoushi,,17275852B97923044022234,CHN,ADM2
Mengxian,,17275852B37123487699753,CHN,ADM2
Xianxian,,17275852B87149259927291,CHN,ADM2
Haixingxian,,17275852B5131093529483,CHN,ADM2
Yongningxian,,17275852B80477376222606,CHN,ADM2
Anpingxian,,17275852B86070890642714,CHN,ADM2
Raoyangxian,,17275852B52385226353354,CHN,ADM2
Yangquxian,,17275852B85380682745086,CHN,ADM2
Wulixian,,17275852B65840661251357,CHN,ADM2
Zhengdingxian,,17275852B19397285057030,CHN,ADM2
Dongyingshi,,17275852B11809724506440,CHN,ADM2
Lingwuxian,,17275852B89567569086781,CHN,ADM2
Bangexian,,17275852B77496833870125,CHN,ADM2
Nimaxian,,17275852B34809223012088,CHN,ADM2
Wuweishi,,17275852B61353957265606,CHN,ADM2
Mencunhuizuzizhixian,,17275852B37600232739643,CHN,ADM2
Shezexian,,17275852B70255924310381,CHN,ADM2
Luquanshi,,17275852B15976604032949,CHN,ADM2
Jiaxian,,17275852B2823373927353,CHN,ADM2
Botoushi,,17275852B36890628103019,CHN,ADM2
Haochengshi,,17275852B10280834953954,CHN,ADM2
Wujixian,,17275852B92700741958693,CHN,ADM2
Shunanyuguzuzizhixian,,17275852B36302754926191,CHN,ADM2
Zhanhuaxian,,17275852B6690326538160,CHN,ADM2
Nanpixian,,17275852B714584663018,CHN,ADM2
Qingtongxiashi,,17275852B20312470606875,CHN,ADM2
Yanshanxian,,17275852B99838630509501,CHN,ADM2
Jingjingxian,,17275852B86114589403662,CHN,ADM2
Shenzhoushi,,17275852B90274183162284,CHN,ADM2
Wuqiangxian,,17275852B19731807948045,CHN,ADM2
Penglaixian,,17275852B27963337647177,CHN,ADM2
Wuyixian,,17275852B45429218697197,CHN,ADM2
Hengshanxian,,17275852B21226359210240,CHN,ADM2
Jinzhoushi,,17275852B45286123916499,CHN,ADM2
Xinjishi,,17275852B45820941167845,CHN,ADM2
Loufanxian,,17275852B14545081951484,CHN,ADM2
Shijiazhuanshi,,17275852B9046707294983,CHN,ADM2
Linxian,,17275852B48866302661843,CHN,ADM2
Qingyunxian,,17275852B4143425265533,CHN,ADM2
Yanchixian,,17275852B2020769088678,CHN,ADM2
Lijinxian,,17275852B71120154646141,CHN,ADM2
Wuzhongshi,,17275852B62782445600014,CHN,ADM2
Fangshanxian,,17275852B12011318732554,CHN,ADM2
Dongguangxian,,17275852B82150177084912,CHN,ADM2
Menyuanhuizuzizhixian,,17275852B50621998812160,CHN,ADM2
Fuchengxian,,17275852B58910105343507,CHN,ADM2
Gujiaoshi,,17275852B51414725464738,CHN,ADM2
Longkoushi,,17275852B67438977719884,CHN,ADM2
Dulanxian,,17275852B26921956360688,CHN,ADM2
Pingdingxian,,17275852B48769872196167,CHN,ADM2
Yangquanshi,,17275852B60524829078673,CHN,ADM2
Shouyangxian,,17275852B82739268949282,CHN,ADM2
Weihaishi,,17275852B85544446441725,CHN,ADM2
Kenlixian,,17275852B44568429811369,CHN,ADM2
Yantaishi,,17275852B27087882119733,CHN,ADM2
Mizhixian,,17275852B56546823889197,CHN,ADM2
Luanchengxian,,17275852B76479334373543,CHN,ADM2
Taiyuanshi,,17275852B21492950184785,CHN,ADM2
Leningshi,,17275852B77159644478443,CHN,ADM2
Rongchengshi,,17275852B33561936369452,CHN,ADM2
Jingbianxian,,17275852B25631219939186,CHN,ADM2
Ningjinxian,,17275852B47303764817199,CHN,ADM2
Jingxian,,17275852B69453353693019,CHN,ADM2
Gulangxian,,17275852B51562107934382,CHN,ADM2
Mupingxian,,17275852B34854699874075,CHN,ADM2
Yuanshixian,,17275852B66013638365038,CHN,ADM2
Qixiashi,,17275852B99355884213700,CHN,ADM2
Haiyanxian,,17275852B58564753780047,CHN,ADM2
Wendengshi,,17275852B88708837863828,CHN,ADM2
Zhaoyuanshi,,17275852B54632216874023,CHN,ADM2
Zhaoxian,,17275852B16970659563174,CHN,ADM2
Hengshuishi,,17275852B35367898303515,CHN,ADM2
Yucishi,,17275852B67411780639584,CHN,ADM2
Wenshuixian,,17275852B34576616832621,CHN,ADM2
Yangxinxian,,17275852B87496734512227,CHN,ADM2
Wuqiaoxian,,17275852B18626458296265,CHN,ADM2
Dingbaixian,,17275852B69887483986817,CHN,ADM2
Ningjinxian,,17275852B3853093148241,CHN,ADM2
Tianzhuzhangzhuzizhixian,,17275852B55564857079783,CHN,ADM2
Jiaochengxian,,17275852B32617547628105,CHN,ADM2
Jixian,,17275852B41153803332766,CHN,ADM2
Laizhoushi,,17275852B10208475755367,CHN,ADM2
Zhongningxian,,17275852B78958916655376,CHN,ADM2
Zhanhuangxian,,17275852B37350063092030,CHN,ADM2
Binzhoushi,,17275852B43701500747082,CHN,ADM2
Zhiduoxian,,17275852B13951895453383,CHN,ADM2
Zhongweixian,,17275852B52118529676113,CHN,ADM2
Qingxuxian,,17275852B20312830598748,CHN,ADM2
Xiyangxian,,17275852B36814978882729,CHN,ADM2
Lingxian,,17275852B42582924567207,CHN,ADM2
Huiminxian,,17275852B26908210835070,CHN,ADM2
Jingtaixian,,17275852B76908318938169,CHN,ADM2
Zizhouxian,,17275852B65012922952769,CHN,ADM2
Zhaoqianxian,,17275852B48691500457709,CHN,ADM2
Suidexian,,17275852B75774687226557,CHN,ADM2
Datonghuizutuzuzizhixian,,17275852B12680287585482,CHN,ADM2
Gaochengxian,,17275852B30631409334147,CHN,ADM2
Dezhoushi,,17275852B4963111392108,CHN,ADM2
Dongyingshi,,17275852B71365124448130,CHN,ADM2
Shanghexian,,17275852B49525483016846,CHN,ADM2
Lishixian,,17275852B99237738548176,CHN,ADM2
Wubaoxian,,17275852B32624511377382,CHN,ADM2
Boxiangxian,,17275852B95874414124304,CHN,ADM2
Linyixian,,17275852B92506097004923,CHN,ADM2
Boxingxian,,17275852B56050378995261,CHN,ADM2
Xinhexian,,17275852B41676873149267,CHN,ADM2
Guchengxian,,17275852B10180385527417,CHN,ADM2
Rushanshi,,17275852B97124400303792,CHN,ADM2
Guangraoxian,,17275852B84131046176015,CHN,ADM2
Linchengxian,,17275852B77473010275224,CHN,ADM2
Haiyangxian,,17275852B48136438053745,CHN,ADM2
Liulinxian,,17275852B57555767391170,CHN,ADM2
Tongxinxian,,17275852B35220952903738,CHN,ADM2
Heshunxian,,17275852B62602929419488,CHN,ADM2
Shouguangshi,,17275852B73358438455895,CHN,ADM2
Longyaoxian,,17275852B51290893529729,CHN,ADM2
Laiyangshi,,17275852B81072603241187,CHN,ADM2
Daguxian,,17275852B86211815132253,CHN,ADM2
Gaoqingxian,,17275852B90661382406168,CHN,ADM2
Laixishi,,17275852B1364012400924,CHN,ADM2
Pingyuanxian,,17275852B58391528789088,CHN,ADM2
Nangongshi,,17275852B35904418947378,CHN,ADM2
Neiqiuxian,,17275852B16258690311459,CHN,ADM2
Wuchengxian,,17275852B99732539673783,CHN,ADM2
Jiyangxian,,17275852B95991838392275,CHN,ADM2
Juluxian,,17275852B76152157086843,CHN,ADM2
Qixian,,17275852B86103581978560,CHN,ADM2
Zichangxian,,17275852B74624363636090,CHN,ADM2
Zhongyanxian,,17275852B63094907784605,CHN,ADM2
Fenyangxian,,17275852B41072678089088,CHN,ADM2
Changyishi,,17275852B1426474864351,CHN,ADM2
Xingtaixian,,17275852B25717626841565,CHN,ADM2
Weifangshi,,17275852B45390451107599,CHN,ADM2
Yushexian,,17275852B13887697009949,CHN,ADM2
Pingdushi,,17275852B8795599021471,CHN,ADM2
Huzhutuzuzizhixian,,17275852B41190012362593,CHN,ADM2
Qingjianxian,,17275852B50263043640706,CHN,ADM2
Wuqixian,,17275852B66160899159190,CHN,ADM2
Jingyuanxian,,17275852B29220754353225,CHN,ADM2
Weixian,,17275852B64817974651819,CHN,ADM2
Guangzhongxian,,17275852B53933530490343,CHN,ADM2
Zhoupingxian,,17275852B4626184751480,CHN,ADM2
Pingyaoxian,,17275852B94693859337976,CHN,ADM2
Yuchengxian,,17275852B88986717122862,CHN,ADM2
Renxian,,17275852B30063446428877,CHN,ADM2
Qinghexian,,17275852B82114276452469,CHN,ADM2
Huantanxian,,17275852B54543288924677,CHN,ADM2
Xiaoyishi,,17275852B85939476304748,CHN,ADM2
Ansaixian,,17275852B99998846476531,CHN,ADM2
Xiajinxian,,17275852B86517244462494,CHN,ADM2
Huangzhongxian,,17275852B4088951121354,CHN,ADM2
Zuoquanxian,,17275852B32180870378102,CHN,ADM2
Shilouxian,,17275852B48166439477713,CHN,ADM2
Zhangqiushi,,17275852B86044803614271,CHN,ADM2
Ziboshi,,17275852B78988614189372,CHN,ADM2
Pingxiangxian,,17275852B74264051584102,CHN,ADM2
Qingzhoushi,,17275852B30734228092100,CHN,ADM2
Qihexian,,17275852B95494794157710,CHN,ADM2
Zhidanxian,,17275852B25721670330334,CHN,ADM2
Jiaokouxian,,17275852B33864315724059,CHN,ADM2
Yongdengxian,,17275852B40720204229396,CHN,ADM2
Huanxian,,17275852B25257392952717,CHN,ADM2
Gaotangixan,,17275852B35332790186482,CHN,ADM2
Xingtaishi,,17275852B22707504793071,CHN,ADM2
Huangyuanxian,,17275852B75021358121292,CHN,ADM2
Nanhexian,,17275852B15402619404646,CHN,ADM2
Jiexiushi,,17275852B13106762197059,CHN,ADM2
Geerxian,,17275852B88683518272743,CHN,ADM2
Wuxiangxian,,17275852B75868249170069,CHN,ADM2
Shaheshi,,17275852B17867161339331,CHN,ADM2
Haiyuanxian,,17275852B3472329779353,CHN,ADM2
Wuanshi,,17275852B78609951456513,CHN,ADM2
Jinanshi,,17275852B57880389938199,CHN,ADM2
Yanchuanxian,,17275852B12112577569162,CHN,ADM2
Leduxian,,17275852B39024209153888,CHN,ADM2
Changlexian,,17275852B83167737560066,CHN,ADM2
Lingxixian,,17275852B16549058596986,CHN,ADM2
Jizhexian,,17275852B31393010637863,CHN,ADM2
Quzhouxian,,17275852B24882340673968,CHN,ADM2
Jimoshi,,17275852B77518624384720,CHN,ADM2
Linqingshi,,17275852B33924966041101,CHN,ADM2
Yananshi,,17275852B97849821920285,CHN,ADM2
Qinyuanxian,,17275852B9202150871348,CHN,ADM2
Xiningshi,,17275852B10439048942215,CHN,ADM2
Gaomishi,,17275852B83100874373445,CHN,ADM2
Qiuxian,,17275852B64081958226369,CHN,ADM2
Yongnianxian,,17275852B8103009054716,CHN,ADM2
Lingshixian,,17275852B67188262911691,CHN,ADM2
Qinxian,,17275852B84162096251183,CHN,ADM2
Gaolanxian,,17275852B33312172242221,CHN,ADM2
Anqiushi,,17275852B97535760935977,CHN,ADM2
Shexian,,17275852B61726350757100,CHN,ADM2
Yonghexian,,17275852B40151722514837,CHN,ADM2
Lichengxian,,17275852B12713301916629,CHN,ADM2
Yinxian,,17275852B6515985392133,CHN,ADM2
Linjuxian,,17275852B98384028469199,CHN,ADM2
Jiaozhoushi,,17275852B18968160632662,CHN,ADM2
Guantaoxian,,17275852B64442957752259,CHN,ADM2
Baiyinshi,,17275852B23253159048949,CHN,ADM2
Chepingxian,,17275852B85844962073852,CHN,ADM2
Changqingxian,,17275852B32700744588338,CHN,ADM2
Huachixian,,17275852B7825306449652,CHN,ADM2
Guanxian,,17275852B64416165210218,CHN,ADM2
Gejixian,,17275852B93479592508554,CHN,ADM2
Liaochengshi,,17275852B64259844181582,CHN,ADM2
Pinganxian,,17275852B19378290916588,CHN,ADM2
Handanxian,,17275852B35674473625997,CHN,ADM2
Fenxixian,,17275852B4659725270810,CHN,ADM2
Qingdaoshi,,17275852B36539700725824,CHN,ADM2
Xiangyuanxian,,17275852B42815221346034,CHN,ADM2
Laiwushi,,17275852B95785410461796,CHN,ADM2
Yanchangxian,,17275852B53870940672933,CHN,ADM2
Feixiangxian,,17275852B16614537297563,CHN,ADM2
Guangpingxian,,17275852B45878553037763,CHN,ADM2
Handanshi,,17275852B41032470199188,CHN,ADM2
Huozhoushi,,17275852B44584253435303,CHN,ADM2
Guidexian,,17275852B8640595389907,CHN,ADM2
Dongerxian,,17275852B4676676622807,CHN,ADM2
Zhadaxian,,17275852B88790719723390,CHN,ADM2
Taianshi,,17275852B76829643653933,CHN,ADM2
Lanzhoushi,,17275852B84192730453130,CHN,ADM2
Qumalaixian,,17275852B19636254999944,CHN,ADM2
Puxian,,17275852B6303235377141,CHN,ADM2
Guyuanxian,,17275852B79652855638720,CHN,ADM2
Minhehuizutuzuzizhixian,,17275852B36383935837338,CHN,ADM2
Ganquanxian,,17275852B29907680476951,CHN,ADM2
Handanshi,,17275852B28949074039582,CHN,ADM2
Cixian,,17275852B9304528417696,CHN,ADM2
Yiyuanxian,,17275852B43390854487846,CHN,ADM2
Guxian,,17275852B96905655226893,CHN,ADM2
Zhuchengshi,,17275852B54162792876952,CHN,ADM2
Dalingxian,,17275852B94478932575643,CHN,ADM2
Chenganxian,,17275852B95269391851003,CHN,ADM2
Xinghaixian,,17275852B81098989654744,CHN,ADM2
Damingxian,,17275852B91301275454086,CHN,ADM2
Hualonghuizuzizhixian,,17275852B64856383532767,CHN,ADM2
Jiaonanshi,,17275852B79149802712659,CHN,ADM2
Yuzhongxian,,17275852B10936165440282,CHN,ADM2
Xinxian,,17275852B38150185010364,CHN,ADM2
Pingyinxian,,17275852B43935412530745,CHN,ADM2
Tunliuxian,,17275852B56816263095710,CHN,ADM2
Hongtongxian,,17275852B97203796912274,CHN,ADM2
Geermushi,,17275852B37048929444654,CHN,ADM2
Luchengshi,,17275852B47556128611215,CHN,ADM2
Weixian,,17275852B18322727061238,CHN,ADM2
Pingshunxian,,17275852B90730170120339,CHN,ADM2
Anzhexian,,17275852B44333012315851,CHN,ADM2
Feichengxian,,17275852B83523333785496,CHN,ADM2
Yishuixian,,17275852B95240086472657,CHN,ADM2
Changzhishi,,17275852B99191317899548,CHN,ADM2
Huiningxian,,17275852B98618025626622,CHN,ADM2
Qingdaoshi,,17275852B620737032798,CHN,ADM2
Anyangxian,,17275852B63554143431725,CHN,ADM2
Heshuixian,,17275852B62674804488136,CHN,ADM2
Jianzhaxian,,17275852B71786988816730,CHN,ADM2
Guinanxian,,17275852B54009314236158,CHN,ADM2
Yangguxian,,17275852B44498698997305,CHN,ADM2
Yongjingxian,,17275852B84815587420543,CHN,ADM2
Linxian,,17275852B60620518951028,CHN,ADM2
Anyangxian,,17275852B14914107047494,CHN,ADM2
Fuxian,,17275852B51213205937459,CHN,ADM2
Yichuanxian,,17275852B21100527045866,CHN,ADM2
Xintaishi,,17275852B29761342187520,CHN,ADM2
Linfenshi,,17275852B91447424097989,CHN,ADM2
Jixian,,17275852B76734754019055,CHN,ADM2
Juxian,,17275852B50094796791007,CHN,ADM2
Pengyangxian,,17275852B69089955580579,CHN,ADM2
Nanlexian,,17275852B81916485203474,CHN,ADM2
Liangshanxian,,17275852B24042887765568,CHN,ADM2
Qingyangxian,,17275852B99561505558549,CHN,ADM2
Mengyinxian,,17275852B77679479199341,CHN,ADM2
Huguanxian,,17275852B88337115455465,CHN,ADM2
Xijixian,,17275852B54727197684301,CHN,ADM2
Taiqianxian,,17275852B97099342637573,CHN,ADM2
Changzixian,,17275852B61772244043024,CHN,ADM2
Zhenyuanxian,,17275852B47327640156509,CHN,ADM2
Wulianxian,,17275852B34459657062621,CHN,ADM2
Anyangshi,,17275852B96614928239344,CHN,ADM2
Changzhixian,,17275852B57854879827721,CHN,ADM2
Dongpingxian,,17275852B26261144110092,CHN,ADM2
Neihuangxian,,17275852B47245604901224,CHN,ADM2
Qingfengxian,,17275852B56282348268720,CHN,ADM2
Xiangningxian,,17275852B47232398571035,CHN,ADM2
Dingxixian,,17275852B51971197350286,CHN,ADM2
Ningyangxian,,17275852B50867388179464,CHN,ADM2
Hebishi,,17275852B41090829126149,CHN,ADM2
Maduoxian,,17275852B66695118162266,CHN,ADM2
Xunhuasalazuzizhixian,,17275852B74412727274506,CHN,ADM2
Lintaoxian,,17275852B74571257547608,CHN,ADM2
Wenshangxian,,17275852B34803324927086,CHN,ADM2
Dongxiangzuzizhixian,,17275852B95018063436847,CHN,ADM2
Fushanxian,,17275852B49447258328013,CHN,ADM2
Tangyinxian,,17275852B61014639645675,CHN,ADM2
Luochuanxian,,17275852B21944814919046,CHN,ADM2
Jishishanbaoanzudongxiangzusalazuzizhixian,,17275852B93202836369350,CHN,ADM2
Xiangfenxian,,17275852B47664278721307,CHN,ADM2
Qinshuixian,,17275852B80114176368355,CHN,ADM2
Huanglongxian,,17275852B75982784014179,CHN,ADM2
Yinanxian,,17275852B4692792810033,CHN,ADM2
Fanxian,,17275852B65261927384665,CHN,ADM2
Tongdexian,,17275852B73285144447377,CHN,ADM2
Gaopingshi,,17275852B56366929075393,CHN,ADM2
Yunchengxian,,17275852B88468623491072,CHN,ADM2
Sishuixian,,17275852B19533355862824,CHN,ADM2
Tongrenxian,,17275852B20463865371353,CHN,ADM2
Qufushi,,17275852B24669990674383,CHN,ADM2
Linxiaxian,,17275852B72233816478895,CHN,ADM2
Rizhaoshi,,17275852B58372427564761,CHN,ADM2
Junxian,,17275852B1061618089075,CHN,ADM2
Lingchuanxian,,17275852B88017881916875,CHN,ADM2
Pingyixian,,17275852B95440277175473,CHN,ADM2
Puyangshi,,17275852B87550790271681,CHN,ADM2
Puyangxian,,17275852B95987945429206,CHN,ADM2
Xifengshi,,17275852B71281759985456,CHN,ADM2
Yanzhoushi,,17275852B19618376010244,CHN,ADM2
Huixianshi,,17275852B50524833382886,CHN,ADM2
Yichengxian,,17275852B35804698691087,CHN,ADM2
Qixian,,17275852B98747059027351,CHN,ADM2
Zhenchengxian,,17275852B53595443021236,CHN,ADM2
Quwoxian,,17275852B9812146103623,CHN,ADM2
Ningxian,,17275852B39472644158112,CHN,ADM2
Linxiashi,,17275852B39104298381336,CHN,ADM2
Longdexian,,17275852B36745175142601,CHN,ADM2
Hanchengshi,,17275852B15408269430062,CHN,ADM2
Huanglingxian,,17275852B69590886182052,CHN,ADM2
Xinjiangxian,,17275852B61470591992739,CHN,ADM2
Jingningxian,,17275852B78238358553110,CHN,ADM2
Huaxian,,17275852B50412174337680,CHN,ADM2
Pingliangshi,,17275852B58292310857107,CHN,ADM2
Jiaxiangxian,,17275852B33911143583251,CHN,ADM2
Guanghexian,,17275852B21140810975585,CHN,ADM2
Zekuxian,,17275852B98267999500175,CHN,ADM2
Weihuishi,,17275852B41151461072680,CHN,ADM2
Feixian,,17275852B20120152097084,CHN,ADM2
Jinchengshi,,17275852B506119010576,CHN,ADM2
Xiahexian,,17275852B84967100530061,CHN,ADM2
Hejinxian,,17275852B3102860165847,CHN,ADM2
Jishanxian,,17275852B61193435175640,CHN,ADM2
Jiningshi,,17275852B453440967624,CHN,ADM2
Houmashi,,17275852B84769183327454,CHN,ADM2
Junanxian,,17275852B41312334217118,CHN,ADM2
Hezhengxian,,17275852B9456126942833,CHN,ADM2
Yangchengxian,,17275852B51290588380796,CHN,ADM2
Zhouchengshi,,17275852B11008710047549,CHN,ADM2
Jingyuanxian,,17275852B30054829934514,CHN,ADM2
Juyexian,,17275852B57791780751485,CHN,ADM2
Jiangxian,,17275852B68707902830415,CHN,ADM2
Linyishi,,17275852B67564907021397,CHN,ADM2
Maqinxian,,17275852B82919928587081,CHN,ADM2
Zhengningxian,,17275852B72728598804297,CHN,ADM2
Kanglexian,,17275852B31388311783220,CHN,ADM2
Hezheshi,,17275852B17983837223036,CHN,ADM2
Tongweixian,,17275852B73905803657982,CHN,ADM2
Yijunxian,,17275852B93431824249161,CHN,ADM2
Wenxixian,,17275852B33861937081684,CHN,ADM2
Yuanjinxian,,17275852B37240019282451,CHN,ADM2
Jingchuanxian,,17275852B86867511224331,CHN,ADM2
Tengzhoushi,,17275852B61994504860165,CHN,ADM2
Dongmingxian,,17275852B55229175832107,CHN,ADM2
Xiuwuxian,,17275852B18412643750307,CHN,ADM2
Wanrongxian,,17275852B27489011003174,CHN,ADM2
Xinxiangshi,,17275852B32258301015981,CHN,ADM2
Weiyuanxian,,17275852B87877358087204,CHN,ADM2
Xunyixian,,17275852B19698727811595,CHN,ADM2
Zhuanglangxian,,17275852B80752541263523,CHN,ADM2
Longxixian,,17275852B4748268803640,CHN,ADM2
Changyuanxian,,17275852B42868481826233,CHN,ADM2
Xinxiangxian,,17275852B14553820792876,CHN,ADM2
Huatingxian,,17275852B96639004787152,CHN,ADM2
Jiaozuoshi,,17275852B62040954239455,CHN,ADM2
Ganyuxian,,17275852B62801448851597,CHN,ADM2
Baishuixian,,17275852B15896822448675,CHN,ADM2
Chengchengxian,,17275852B16772724879257,CHN,ADM2
Heyangxian,,17275852B25141942167639,CHN,ADM2
Yuanquxian,,17275852B69361090867285,CHN,ADM2
Chongxinxian,,17275852B67184512053973,CHN,ADM2
Jinxiangxian,,17275852B19166416265469,CHN,ADM2
Huojiaxian,,17275852B49061327554624,CHN,ADM2
Dingtaoxian,,17275852B89808828265438,CHN,ADM2
Boaixian,,17275852B19936192796712,CHN,ADM2
Tongchuanshi,,17275852B96372507569361,CHN,ADM2
Linshuxian,,17275852B3689978228404,CHN,ADM2
Yunchengshi,,17275852B53877556564875,CHN,ADM2
Changshangxian,,17275852B49878870319406,CHN,ADM2
Changwuxian,,17275852B18840096689881,CHN,ADM2
Qinyangxian,,17275852B24581804832570,CHN,ADM2
Fengqiuxian,,17275852B94560918292835,CHN,ADM2
Yutaixian,,17275852B20193660709957,CHN,ADM2
Binxian,,17275852B13967783635879,CHN,ADM2
Zhaozhuangshi,,17275852B21786836503840,CHN,ADM2
Chengduoxian,,17275852B27939254726366,CHN,ADM2
Linqixian,,17275852B74769488565977,CHN,ADM2
Xiaxian,,17275852B28146064538496,CHN,ADM2
Yaoxian,,17275852B95587527560922,CHN,ADM2
Chengwuxian,,17275852B37549313533883,CHN,ADM2
Zuonixian,,17275852B84419043562143,CHN,ADM2
Jiyuanshi,,17275852B15977137196263,CHN,ADM2
Lingtaixian,,17275852B70377926518381,CHN,ADM2
Yuanyangshi,,17275852B10417338286601,CHN,ADM2
Lintanxian,,17275852B70289562778165,CHN,ADM2
Qinanxian,,17275852B31949907160325,CHN,ADM2
Banmaxian,,17275852B99290886399570,CHN,ADM2
Zhangjiachuanhuizuzizhixian,,17275852B48882261556189,CHN,ADM2
Wushixian,,17275852B91173560245297,CHN,ADM2
Tanchengxian,,17275852B87913405117604,CHN,ADM2
Caoxian,,17275852B27372587859268,CHN,ADM2
Puchengxian,,17275852B49153306123360,CHN,ADM2
Longxian,,17275852B92079526789540,CHN,ADM2
Ganguxian,,17275852B79906989503311,CHN,ADM2
Wenxian,,17275852B57128594064202,CHN,ADM2
Lianyungangshi,,17275852B45836875085514,CHN,ADM2
Fupingxian,,17275852B4700388750567,CHN,ADM2
Mianchixian,,17275852B42949182938993,CHN,ADM2
Xinanxian,,17275852B32222846476141,CHN,ADM2
Lankaoxian,,17275852B8527290020627,CHN,ADM2
Fengxian,,17275852B97480690303,CHN,ADM2
Donghaixian,,17275852B19818628165379,CHN,ADM2
Zhangxian,,17275852B61286288933568,CHN,ADM2
Peixian,,17275852B56427962625414,CHN,ADM2
Danxian,,17275852B36689757932023,CHN,ADM2
Mengxian,,17275852B91559349232276,CHN,ADM2
Yongjishi,,17275852B21670105101896,CHN,ADM2
Qingshixian,,17275852B73549839123919,CHN,ADM2
Wushanxian,,17275852B84304770006930,CHN,ADM2
Chunhuaxian,,17275852B52362990740346,CHN,ADM2
Luquxian,,17275852B45590172348287,CHN,ADM2
Pingluxian,,17275852B99867509318297,CHN,ADM2
Xingyangxian,,17275852B37762337287015,CHN,ADM2
Zhongmouxian,,17275852B36068725262944,CHN,ADM2
Guanyunxian,,17275852B61784384670895,CHN,ADM2
Dalixian,,17275852B10026721053834,CHN,ADM2
Zhengzhoushi,,17275852B14866353147502,CHN,ADM2
Linyouxian,,17275852B88494332174359,CHN,ADM2
Kaifengxian,,17275852B29180806171493,CHN,ADM2
Kaifengshi,,17275852B45020271947314,CHN,ADM2
Minquanxian,,17275852B72971629177091,CHN,ADM2
Mengjinxian,,17275852B56067085830492,CHN,ADM2
Qianyangxian,,17275852B21304278263440,CHN,ADM2
Yongshouxian,,17275852B48561735589283,CHN,ADM2
Pizhoushi,,17275852B1647578285637,CHN,ADM2
Minxian,,17275852B98923243392304,CHN,ADM2
Tianshuishi,,17275852B75830625621181,CHN,ADM2
Gongxian,,17275852B75567917484769,CHN,ADM2
Xiangshuixian,,17275852B68125086146269,CHN,ADM2
Gandexian,,17275852B1787117911325,CHN,ADM2
Yunchengxian,,17275852B59649283070943,CHN,ADM2
Zaduoxian,,17275852B94078824919955,CHN,ADM2
Liquanxian,,17275852B46388356962178,CHN,ADM2
Qixian,,17275852B7483411794752,CHN,ADM2
Shanyuanxian,,17275852B66923472507746,CHN,ADM2
Yanshishi,,17275852B77679429462307,CHN,ADM2
Guannanxian,,17275852B94043796158502,CHN,ADM2
Yimashi,,17275852B80933238140606,CHN,ADM2
Sanmenxiashi,,17275852B98000133869092,CHN,ADM2
Shanxian,,17275852B14080596373630,CHN,ADM2
Tongshanxian,,17275852B16732896761360,CHN,ADM2
Binhaixian,,17275852B99281854206248,CHN,ADM2
Dangshanxian,,17275852B62859148681973,CHN,ADM2
Weinanshi,,17275852B99212519256696,CHN,ADM2
Luoyangshi,,17275852B24717929885720,CHN,ADM2
Lintongxian,,17275852B22970456667649,CHN,ADM2
Baojixian,,17275852B33231289803339,CHN,ADM2
Fengxiangxian,,17275852B98192542852822,CHN,ADM2
Anduoxian,,17275852B80028860672410,CHN,ADM2
Qianxian,,17275852B12916935567443,CHN,ADM2
Jingyangxian,,17275852B58152327372457,CHN,ADM2
Ninglingxian,,17275852B84464275078917,CHN,ADM2
Yuchengxian,,17275852B70958466386582,CHN,ADM2
Shangqiushi,,17275852B27899236857957,CHN,ADM2
Xinyixian,,17275852B24519549956623,CHN,ADM2
Lingbaoshi,,17275852B10682420809377,CHN,ADM2
Shuyangxian,,17275852B94125045231898,CHN,ADM2
Mixian,,17275852B55464189255182,CHN,ADM2
Xinzhengxian,,17275852B98988434995928,CHN,ADM2
Yiyangxian,,17275852B81329065873888,CHN,ADM2
Darixian,,17275852B28481452848090,CHN,ADM2
Maquxian,,17275852B54456354200671,CHN,ADM2
Weishixian,,17275852B5674127157826,CHN,ADM2
Tongxushi,,17275852B46380594187155,CHN,ADM2
Huayinshi,,17275852B94924971127683,CHN,ADM2
Shuixian,,17275852B68084346150299,CHN,ADM2
Pulanxian,,17275852B92038059893443,CHN,ADM2
Dongfengshi,,17275852B55840349463324,CHN,ADM2
Xiaoxian,,17275852B93933840848962,CHN,ADM2
Qishanxian,,17275852B4543803122554,CHN,ADM2
Lixian,,17275852B23744977080384,CHN,ADM2
Luoningxian,,17275852B24021264016342,CHN,ADM2
Fufengxian,,17275852B22628063668790,CHN,ADM2
Tongguanxian,,17275852B87520506331867,CHN,ADM2
Longgeerxian,,17275852B21927061590758,CHN,ADM2
Shiquxian,,17275852B43185565483198,CHN,ADM2
Huaxian,,17275852B52110803550281,CHN,ADM2
Shangqiushi,,17275852B67315226354305,CHN,ADM2
Yichuanxian,,17275852B44956350685295,CHN,ADM2
Xiayixian,,17275852B89895303460623,CHN,ADM2
Gaolingshi,,17275852B51612351921800,CHN,ADM2
Xuzhoushi,,17275852B76692235762366,CHN,ADM2
Sheyangxian,,17275852B62317461872302,CHN,ADM2
Yushuxian,,17275852B66736115774382,CHN,ADM2
Tuochangxian,,17275852B96391823506125,CHN,ADM2
Ruoergaixian,,17275852B44609154216557,CHN,ADM2
Xianyangshi,,17275852B32717737776363,CHN,ADM2
Diebuxian,,17275852B92362451134191,CHN,ADM2
Baojishi,,17275852B55554669799898,CHN,ADM2
Yuzhoushi,,17275852B63987790069029,CHN,ADM2
Xingpingshi,,17275852B4593026548260,CHN,ADM2
Wugongxian,,17275852B9498036475208,CHN,ADM2
Luonanxian,,17275852B53979328510347,CHN,ADM2
Xianshi,,17275852B61934058685125,CHN,ADM2
Shuqianshi,,17275852B42139031443937,CHN,ADM2
Fugouxian,,17275852B30839777764393,CHN,ADM2
Changgeshi,,17275852B88170553797239,CHN,ADM2
Shuiningxian,,17275852B52145815753311,CHN,ADM2
Lianshuixian,,17275852B99609570013934,CHN,ADM2
Tuochengxian,,17275852B65550927062733,CHN,ADM2
Ruyangshi,,17275852B24684038509558,CHN,ADM2
Ruzhoushi,,17275852B27274819149693,CHN,ADM2
Lushixian,,17275852B37842112492131,CHN,ADM2
Taikangxian,,17275852B96665943782542,CHN,ADM2
Meixian,,17275852B63498604751121,CHN,ADM2
Yanlingxian,,17275852B2228474136637,CHN,ADM2
Fengxian,,17275852B5870259608463,CHN,ADM2
Jiuzhixian,,17275852B2182407224263,CHN,ADM2
Yongchengxian,,17275852B89166552502762,CHN,ADM2
Songxian,,17275852B93154995028726,CHN,ADM2
Cuoqinxian,,17275852B83516810802653,CHN,ADM2
Lantianxian,,17275852B38180257818591,CHN,ADM2
Funingxian,,17275852B68385724746726,CHN,ADM2
Changanxian,,17275852B85363221623918,CHN,ADM2
Liangdangxian,,17275852B1478047351652,CHN,ADM2
Shuzhoushi,,17275852B31367125179867,CHN,ADM2
Huxian,,17275852B17657499533405,CHN,ADM2
Xiheixian,,17275852B90070093330668,CHN,ADM2
Lingbixian,,17275852B25767544969831,CHN,ADM2
Zhouzhixian,,17275852B56797836743871,CHN,ADM2
Xuchangxian,,17275852B37318058786515,CHN,ADM2
Huixian,,17275852B64527630880164,CHN,ADM2
Huaibeishi,,17275852B39263965325493,CHN,ADM2
Jiaxian,,17275852B12367976812965,CHN,ADM2
Suixixian,,17275852B40017854527963,CHN,ADM2
Luyixian,,17275852B59579726815916,CHN,ADM2
Bozhoushi,,17275852B58235819833008,CHN,ADM2
Luanchuanxian,,17275852B2055839745215,CHN,ADM2
Taibaixian,,17275852B4205897347371,CHN,ADM2
Shangzhoushi,,17275852B50863739077021,CHN,ADM2
Zhouquxian,,17275852B93415765625308,CHN,ADM2
Xuchangshi,,17275852B21409925357054,CHN,ADM2
Xiangchengxian,,17275852B79917267034965,CHN,ADM2
Chengxian,,17275852B55188480008811,CHN,ADM2
Huaianshi,,17275852B45046943691615,CHN,ADM2
Xihuaxian,,17275852B11062842353292,CHN,ADM2
Zhongbaxian,,17275852B6174039490369,CHN,ADM2
Jianhuxian,,17275852B59999785344373,CHN,ADM2
Baofengxian,,17275852B60708257219667,CHN,ADM2
Linyingxian,,17275852B20387326412440,CHN,ADM2
Nierongxian,,17275852B5554348593036,CHN,ADM2
Dafengxian,,17275852B23794965725628,CHN,ADM2
Huaiyangxian,,17275852B45530821909299,CHN,ADM2
Dafengshi,,17275852B36499134265956,CHN,ADM2
Lushanxian,,17275852B60013836791147,CHN,ADM2
Woyangxian,,17275852B88630649694026,CHN,ADM2
Huaiyinshi,,17275852B77400672470843,CHN,ADM2
Danfengxian,,17275852B16991484935868,CHN,ADM2
Yanchengshi,,17275852B69068872724558,CHN,ADM2
Shanchengxian,,17275852B67574078001488,CHN,ADM2
Abaxian,,17275852B47014980073641,CHN,ADM2
Zuoshuixian,,17275852B20040471591761,CHN,ADM2
Liubaxian,,17275852B71712934051492,CHN,ADM2
Suzhoushi,,17275852B85263946797397,CHN,ADM2
Ningshanxian,,17275852B68037434012837,CHN,ADM2
Pingdingshanshi,,17275852B24738212461481,CHN,ADM2
Nanpingxian,,17275852B36174894779493,CHN,ADM2
Shangshuixian,,17275852B96094758616716,CHN,ADM2
Shenzhaxian,,17275852B79550049615002,CHN,ADM2
Yexian,,17275852B7797076027602,CHN,ADM2
Xixiaxian,,17275852B89400607939331,CHN,ADM2
Wuduxian,,17275852B55021284831337,CHN,ADM2
Yanchengxian,,17275852B82772378373798,CHN,ADM2
Baoyingxian,,17275852B14656646152928,CHN,ADM2
Zhoukoushi,,17275852B27387408000676,CHN,ADM2
Nangqianxian,,17275852B24277287807877,CHN,ADM2
Shangnanxian,,17275852B4986086464302,CHN,ADM2
Wugangshi,,17275852B94743712738136,CHN,ADM2
Kangxian,,17275852B31370918331145,CHN,ADM2
Fopingxian,,17275852B21494080964020,CHN,ADM2
Banmaxian,,17275852B52151949988531,CHN,ADM2
Nanzhaoxian,,17275852B26785965294195,CHN,ADM2
Yangxian,,17275852B79667176854189,CHN,ADM2
Shanyangxian,,17275852B95708104869607,CHN,ADM2
Taihexian,,17275852B42150871691362,CHN,ADM2
Guzhenxian,,17275852B79000631743628,CHN,ADM2
Zhenanxian,,17275852B91446059581465,CHN,ADM2
Chengguxian,,17275852B21017336593321,CHN,ADM2
Baqingxian,,17275852B23491969357778,CHN,ADM2
Luoheshi,,17275852B81372791356325,CHN,ADM2
Lueyangxian,,17275852B13491036968650,CHN,ADM2
Shenqiuxian,,17275852B52729797795226,CHN,ADM2
Mianxian,,17275852B29254833777525,CHN,ADM2
Wenxian,,17275852B86222106784483,CHN,ADM2
Fangchengxian,,17275852B90337071234971,CHN,ADM2
Mengchengxian,,17275852B66267690510959,CHN,ADM2
Jieshoushi,,17275852B95241901152258,CHN,ADM2
Neixiangxian,,17275852B83360899164629,CHN,ADM2
Xipingxian,,17275852B53222981120759,CHN,ADM2
Xinghuashi,,17275852B58586989106809,CHN,ADM2
Suqianxian,,17275852B90330591074302,CHN,ADM2
Xiangchengshi,,17275852B25230716975612,CHN,ADM2
Wuhexian,,17275852B17244930809328,CHN,ADM2
Shangcaixian,,17275852B62617200555443,CHN,ADM2
Lixingxian,,17275852B43166713994651,CHN,ADM2
Huaiyuanxian,,17275852B83104882902138,CHN,ADM2
Hongyuanxian,,17275852B97254035259854,CHN,ADM2
Xuyuxian,,17275852B47775830384450,CHN,ADM2
Gaoyoushi,,17275852B41138581062594,CHN,ADM2
Dongtaishi,,17275852B85657114133770,CHN,ADM2
Ganzhixian,,17275852B41775887521063,CHN,ADM2
Angrenxian,,17275852B65672804485103,CHN,ADM2
Zhenpingxian,,17275852B86936617351443,CHN,ADM2
Shuipingxian,,17275852B63272164318035,CHN,ADM2
Biruxian,,17275852B39613098673176,CHN,ADM2
Xichuanxian,,17275852B78786901873079,CHN,ADM2
Hanzhongshi,,17275852B79223379777667,CHN,ADM2
Shedaxian,,17275852B66113099800997,CHN,ADM2
Shiquanxian,,17275852B73682377470814,CHN,ADM2
Fuyangshi,,17275852B13720894899448,CHN,ADM2
Shongpanxian,,17275852B62569588401205,CHN,ADM2
Fengyangxian,,17275852B8841096687907,CHN,ADM2
Dingqingxian,,17275852B83738568792934,CHN,ADM2
Pingyuxian,,17275852B17278626690982,CHN,ADM2
Nanyangshi,,17275852B22610568030006,CHN,ADM2
Tianchangshi,,17275852B42323417187142,CHN,ADM2
Runanxian,,17275852B6082279520202,CHN,ADM2
Ankangshi,,17275852B65169663803205,CHN,ADM2
Yunxian,,17275852B86781974302279,CHN,ADM2
Ningqiangxian,,17275852B71565140270336,CHN,ADM2
Bangbushi,,17275852B69259623848725,CHN,ADM2
Yunxixian,,17275852B70952185801457,CHN,ADM2
Degexian,,17275852B74822957782790,CHN,ADM2
Linquanxian,,17275852B77603849956232,CHN,ADM2
Xixiangxian,,17275852B86681645698322,CHN,ADM2
Miyangxian,,17275852B61638108171693,CHN,ADM2
Sheqixian,,17275852B35414726377112,CHN,ADM2
Xunyangxian,,17275852B47814877183274,CHN,ADM2
Fengtaixian,,17275852B11831222400516,CHN,ADM2
Shengdaxian,,17275852B22927786689358,CHN,ADM2
Pingwuxian,,17275852B86439445166416,CHN,ADM2
Jiangdushi,,17275852B57257006426226,CHN,ADM2
Hanyinxian,,17275852B15592299634658,CHN,ADM2
Nanzhengxian,,17275852B28376820162593,CHN,ADM2
Zhumadianshi,,17275852B12908503886054,CHN,ADM2
Haianxian,,17275852B88105539550678,CHN,ADM2
Naquxian,,17275852B22198079892765,CHN,ADM2
Jiangyanshi,,17275852B88901633924246,CHN,ADM2
Huainanshi,,17275852B77980777243348,CHN,ADM2
Rudongxian,,17275852B53073904970373,CHN,ADM2
Nanyangshi,,17275852B28435212496203,CHN,ADM2
Fuyangshi,,17275852B34461807983634,CHN,ADM2
Queshanxian,,17275852B83134707412237,CHN,ADM2
Suoxian,,17275852B86280163600556,CHN,ADM2
Xincaixian,,17275852B54720396840939,CHN,ADM2
Yingshangxian,,17275852B56434829262827,CHN,ADM2
Funanxian,,17275852B47611284562797,CHN,ADM2
Laianxian,,17275852B61165424028511,CHN,ADM2
Dengzhoushi,,17275852B92861934763247,CHN,ADM2
Rangtangxian,,17275852B31584297203883,CHN,ADM2
Qingchuanxian,,17275852B36041845210801,CHN,ADM2
Tanghexian,,17275852B32324091961089,CHN,ADM2
Yizhengshi,,17275852B5377550731757,CHN,ADM2
Taizhoushi,,17275852B30212147371030,CHN,ADM2
Rugaoshi,,17275852B71352476597079,CHN,ADM2
Dingyuanxian,,17275852B23676912924817,CHN,ADM2
Danjiangkoushi,,17275852B38924882798565,CHN,ADM2
Liuhexian,,17275852B59333965008283,CHN,ADM2
Guanyuanshi,,17275852B37957954635738,CHN,ADM2
Zhengyangxian,,17275852B55507691146729,CHN,ADM2
Baihexian,,17275852B44985225082096,CHN,ADM2
Chuzhoushi,,17275852B43191682084250,CHN,ADM2
Xinyexian,,17275852B47307455232994,CHN,ADM2
Zhenbaxian,,17275852B34523810528391,CHN,ADM2
Shouxian,,17275852B21027902515532,CHN,ADM2
Changfengxian,,17275852B89175859589967,CHN,ADM2
Taixingxian,,17275852B91393118840601,CHN,ADM2
Jiangdaxian,,17275852B52005472318098,CHN,ADM2
Zhiyangxian,,17275852B78838385533977,CHN,ADM2
Xixian,,17275852B18660143588191,CHN,ADM2
Changduxian,,17275852B88896253540800,CHN,ADM2
Tongboxian,,17275852B71435621524955,CHN,ADM2
Nanjiangxian,,17275852B12000344894114,CHN,ADM2
Shiyanshi,,17275852B92601554947021,CHN,ADM2
Tongzhoushi,,17275852B44457791224784,CHN,ADM2
Huaibinxian,,17275852B54478662483461,CHN,ADM2
Huoqiuxian,,17275852B59963011340599,CHN,ADM2
Wangchangxian,,17275852B3652301711772,CHN,ADM2
Heishuixian,,17275852B72527995349728,CHN,ADM2
Leiwuqixian,,17275852B5689793003351,CHN,ADM2
Yangzhong,,17275852B40888287647604,CHN,ADM2
Shagaxian,,17275852B81187977004604,CHN,ADM2
Maerkangxian,,17275852B24790182027849,CHN,ADM2
Haimenshi,,17275852B14220584679784,CHN,ADM2
Qidongshi,,17275852B24844793518389,CHN,ADM2
Laohekoushi,,17275852B87141244722393,CHN,ADM2
Dantuxian,,17275852B56383642585283,CHN,ADM2
Zhenjiangshi,,17275852B19859477737164,CHN,ADM2
Jingjiangshi,,17275852B7350972527003,CHN,ADM2
Gushixian,,17275852B12316325556277,CHN,ADM2
Zhushanxian,,17275852B32027284094938,CHN,ADM2
Pinglixian,,17275852B99126402028408,CHN,ADM2
Nanjingshi,,17275852B45149819427590,CHN,ADM2
Jurongxian,,17275852B49737651735743,CHN,ADM2
Nantongshi,,17275852B48557917794925,CHN,ADM2
Tongjiangxian,,17275852B98829549112889,CHN,ADM2
Xietongmenxian,,17275852B77255763529444,CHN,ADM2
Dangxiongxian,,17275852B92745428106149,CHN,ADM2
Danyangshi,,17275852B94592901594717,CHN,ADM2
Quanjiaoxian,,17275852B25648013684247,CHN,ADM2
Guchengxian,,17275852B47516938651885,CHN,ADM2
Langaoxian,,17275852B76880456470909,CHN,ADM2
Jiangpuxian,,17275852B53672972261894,CHN,ADM2
Feidongxian,,17275852B58903134773136,CHN,ADM2
Fangxian,,17275852B79472628691226,CHN,ADM2
Jiahexian,,17275852B45394941151938,CHN,ADM2
Huangchuanxian,,17275852B90910208115389,CHN,ADM2
Zhuxixian,,17275852B82152843073801,CHN,ADM2
Tuobaxian,,17275852B95606207132602,CHN,ADM2
Jiangningxian,,17275852B72504910889821,CHN,ADM2
Xiangyangxian,,17275852B99664669329506,CHN,ADM2
Zhangjiagangshi,,17275852B30171028833385,CHN,ADM2
Wujinxian,,17275852B43126330817922,CHN,ADM2
Shuizhoushi,,17275852B83812560805647,CHN,ADM2
Zhaoyangshi,,17275852B42882991072386,CHN,ADM2
Maoxian,,17275852B27449390432032,CHN,ADM2
Bianbaxian,,17275852B50538270905009,CHN,ADM2
Jiangyoushi,,17275852B8596567992624,CHN,ADM2
Jiangyinshi,,17275852B36103206667165,CHN,ADM2
Luoshanxian,,17275852B77997232386177,CHN,ADM2
Chongmingxian,,17275852B24439099777247,CHN,ADM2
Jiangexian,,17275852B33042881604155,CHN,ADM2
Beichuanxian,,17275852B75036083307954,CHN,ADM2
Hexian,,17275852B73453477463881,CHN,ADM2
Changshushi,,17275852B3344696552320,CHN,ADM2
Guangshanxian,,17275852B46601481369620,CHN,ADM2
Jinchuanxian,,17275852B96590770940609,CHN,ADM2
Changzhoushi,,17275852B46074982775581,CHN,ADM2
Jintanshi,,17275852B11407259911678,CHN,ADM2
Chaohushi,,17275852B60076511840527,CHN,ADM2
Shangchengxian,,17275852B57977089110027,CHN,ADM2
Taichangxian,,17275852B63077243364371,CHN,ADM2
Luohuoxian,,17275852B11052099771689,CHN,ADM2
Changxixian,,17275852B766173731702,CHN,ADM2
Chengkouxian,,17275852B2280889616396,CHN,ADM2
Zhenpingxian,,17275852B78055107031686,CHN,ADM2
Feixixian,,17275852B47297530357355,CHN,ADM2
Wuxixian,,17275852B51131115925400,CHN,ADM2
Hefeishi,,17275852B46393920630539,CHN,ADM2
Guangshuishi,,17275852B50043505500678,CHN,ADM2
Hanshanxian,,17275852B76570182530435,CHN,ADM2
Lishuixian,,17275852B57342214487499,CHN,ADM2
Xiangfanshi,,17275852B10359009799739,CHN,ADM2
Nanmulinxian,,17275852B96725844554017,CHN,ADM2
Bazhongshi,,17275852B81852782211215,CHN,ADM2
Lixian,,17275852B71696979483043,CHN,ADM2
Baokangxian,,17275852B89856122207227,CHN,ADM2
Maanshanshi,,17275852B68627257397845,CHN,ADM2
Wuxishi,,17275852B47635697455490,CHN,ADM2
Luolongxian,,17275852B52191699830664,CHN,ADM2
Liyangshi,,17275852B59245154361238,CHN,ADM2
Nanzhangxian,,17275852B7115880881439,CHN,ADM2
Kunshanshi,,17275852B26184442721162,CHN,ADM2
Wuxianshi,,17275852B67197169551607,CHN,ADM2
Baiyuxian,,17275852B77624704817132,CHN,ADM2
Dangtuxian,,17275852B29905847665822,CHN,ADM2
Zhitongxian,,17275852B51799179526286,CHN,ADM2
Jinzaixian,,17275852B97874259231937,CHN,ADM2
Yixingshi,,17275852B91247151282545,CHN,ADM2
Xinlongxian,,17275852B61252282595237,CHN,ADM2
Shuzhoushi,,17275852B1464685470526,CHN,ADM2
Xiaojinxian,,17275852B9271780132400,CHN,ADM2
Jilongxian,,17275852B21978106228737,CHN,ADM2
Fengxianxian,,17275852B28043359135044,CHN,ADM2
Dawuxian,,17275852B20209791950793,CHN,ADM2
Chaohushi,,17275852B77342375778801,CHN,ADM2
Yichengshi,,17275852B39321730883511,CHN,ADM2
Linzhouxian,,17275852B78826988472702,CHN,ADM2
Xinxian,,17275852B10417226533704,CHN,ADM2
Anxian,,17275852B1554261680821,CHN,ADM2
Langzhongshi,,17275852B91773014733924,CHN,ADM2
Wenchuanxian,,17275852B11913856187429,CHN,ADM2
Pingchangxian,,17275852B29428990506314,CHN,ADM2
Daofuxian,,17275852B35412891437316,CHN,ADM2
Shennongjialinqu,,17275852B85032432469576,CHN,ADM2
Gongjuexian,,17275852B44606538982234,CHN,ADM2
Shuzhoushi,,17275852B42065564755438,CHN,ADM2
Mianzhuxian,,17275852B46371387056770,CHN,ADM2
Gongbujiangdaxian,,17275852B48716756088906,CHN,ADM2
Mianyangshi,,17275852B38426922086125,CHN,ADM2
Xuanhanxian,,17275852B75629918139624,CHN,ADM2
Gaochunxian,,17275852B18068640448414,CHN,ADM2
Chongmingxian,,17275852B62674344705560,CHN,ADM2
Lujiangxian,,17275852B41756501926338,CHN,ADM2
Nanhuixian,,17275852B1408079528399,CHN,ADM2
Wuhushi,,17275852B36737936197596,CHN,ADM2
Bashuxian,,17275852B6630334434734,CHN,ADM2
Wuweixian,,17275852B23039937395207,CHN,ADM2
Shuchengxian,,17275852B40039310856406,CHN,ADM2
Wuxixian,,17275852B81470372710272,CHN,ADM2
Shefangxian,,17275852B76519295903131,CHN,ADM2
Huoshanxian,,17275852B11677783822616,CHN,ADM2
Machengshi,,17275852B85613239075245,CHN,ADM2
Yilongxian,,17275852B95345789790188,CHN,ADM2
Duinongdeqingxian,,17275852B58723971712159,CHN,ADM2
Wuhuxian,,17275852B43099606090633,CHN,ADM2
Lazhixian,,17275852B50193055851288,CHN,ADM2
Wujiangshi,,17275852B17765750844334,CHN,ADM2
Jinshanxian,,17275852B42279115337630,CHN,ADM2
Honganxian,,17275852B9529097178729,CHN,ADM2
Nanbuxian,,17275852B66326315040768,CHN,ADM2
Kaixian,,17275852B12784406241328,CHN,ADM2
Danbaxian,,17275852B86706643635807,CHN,ADM2
Bomixian,,17275852B96624399177304,CHN,ADM2
Chayaxian,,17275852B8009329380569,CHN,ADM2
Zhongxiangshi,,17275852B59929886266985,CHN,ADM2
Langxixian,,17275852B55570185736143,CHN,ADM2
Mozhugongkaxian,,17275852B84422067355730,CHN,ADM2
Nimuxian,,17275852B37647072731744,CHN,ADM2
Xuanzhoushi,,17275852B18196453405091,CHN,ADM2
Pengzhoushi,,17275852B96441836459158,CHN,ADM2
Yantingxian,,17275852B86424375422592,CHN,ADM2
Changxingxian,,17275852B2433692358799,CHN,ADM2
Xingshanxian,,17275852B30778979085880,CHN,ADM2
Daxian,,17275852B29818702279352,CHN,ADM2
Fanchangxian,,17275852B55776769429507,CHN,ADM2
Deyangshi,,17275852B9326266766926,CHN,ADM2
Songjiangxian,,17275852B59692497706789,CHN,ADM2
Rikezeshi,,17275852B49222882148153,CHN,ADM2
Guangdexian,,17275852B72633077913274,CHN,ADM2
Shantaixian,,17275852B44537959548587,CHN,ADM2
Jiashanxian,,17275852B19798754149723,CHN,ADM2
Xiaoganshi,,17275852B90271468854707,CHN,ADM2
Anlushi,,17275852B45678856262825,CHN,ADM2
Dujiangyanshi,,17275852B4584825397219,CHN,ADM2
Nielamuxian,,17275852B90481436303184,CHN,ADM2
Jingmenshi,,17275852B36993714342373,CHN,ADM2
Jingshanxian,,17275852B15400645542385,CHN,ADM2
Qingpuxian,,17275852B97102685179742,CHN,ADM2
Yichangxian,,17275852B18196383175490,CHN,ADM2
Tongchengxian,,17275852B4152649500732,CHN,ADM2
Dazhixian,,17275852B21680261908241,CHN,ADM2
Nanlingxian,,17275852B7735540978639,CHN,ADM2
Wushanxian,,17275852B70395773762989,CHN,ADM2
Jiaxingshi,,17275852B78816749784203,CHN,ADM2
Huangpixian,,17275852B68795699662733,CHN,ADM2
Yunyangxian,,17275852B28870905079762,CHN,ADM2
Yingshanxian,,17275852B5895567339665,CHN,ADM2
Dingrixian,,17275852B85829605603518,CHN,ADM2
Badongxian,,17275852B83270265823441,CHN,ADM2
Tonglingxian,,17275852B91286509256855,CHN,ADM2
Shengsixian,,17275852B98852550499473,CHN,ADM2
Yuananxian,,17275852B14993036892796,CHN,ADM2
Lashashi,,17275852B46177532075867,CHN,ADM2
Huzhoushi,,17275852B92006637325800,CHN,ADM2
Zhongjiangxian,,17275852B30341791442731,CHN,ADM2
Fengjiexian,,17275852B75915877381439,CHN,ADM2
Pinghushi,,17275852B97964298438185,CHN,ADM2
Luotianxian,,17275852B59895952694093,CHN,ADM2
Yuexixian,,17275852B25591140968152,CHN,ADM2
Saxunxian,,17275852B1814371633063,CHN,ADM2
Penganxian,,17275852B92501194129581,CHN,ADM2
Dachuanshi,,17275852B10100620994275,CHN,ADM2
Xichongxian,,17275852B57740815223929,CHN,ADM2
Quxian,,17275852B73469440437176,CHN,ADM2
Zongyangxian,,17275852B42898496791559,CHN,ADM2
Guanghanshi,,17275852B55258020624391,CHN,ADM2
Yunmengxian,,17275852B29734823992587,CHN,ADM2
Yingshanxian,,17275852B46685961195230,CHN,ADM2
Kaijiangxian,,17275852B66120266655814,CHN,ADM2
Anjixian,,17275852B2047862171292,CHN,ADM2
Linzhixian,,17275852B36240840008028,CHN,ADM2
Qianshanxian,,17275852B8482565791704,CHN,ADM2
Tongxiangshi,,17275852B3726458161276,CHN,ADM2
Shehongxian,,17275852B2489885382499,CHN,ADM2
Dangyangshi,,17275852B22601938197057,CHN,ADM2
Renbuxian,,17275852B60603323920420,CHN,ADM2
Yingchengshi,,17275852B75225788854161,CHN,ADM2
Tonglingshi,,17275852B71871830431018,CHN,ADM2
Zhiguixian,,17275852B36390701523517,CHN,ADM2
Qushuixian,,17275852B97774361973577,CHN,ADM2
Baoxingxian,,17275852B26108585816208,CHN,ADM2
Litangxian,,17275852B55184179127017,CHN,ADM2
Jingxian,,17275852B59735937562693,CHN,ADM2
Zuogongxian,,17275852B35969404681362,CHN,ADM2
Bailangxian,,17275852B6295386894588,CHN,ADM2
Xinzhouxian,,17275852B42041968712265,CHN,ADM2
Ningguoshi,,17275852B37962942142742,CHN,ADM2
Bixian,,17275852B52714554825867,CHN,ADM2
Deqingxian,,17275852B31429968474935,CHN,ADM2
Haiyanxian,,17275852B71290929913135,CHN,ADM2
Qingyangxian,,17275852B27436635474795,CHN,ADM2
Batangxian,,17275852B93800386737284,CHN,ADM2
Xinduxian,,17275852B91329777295844,CHN,ADM2
Guichishi,,17275852B61177414411617,CHN,ADM2
Chongzhoushi,,17275852B15176109432991,CHN,ADM2
Hainingshi,,17275852B57618783853866,CHN,ADM2
Jintangxian,,17275852B27977802378710,CHN,ADM2
Chengdushi,,17275852B39008212883754,CHN,ADM2
Wenjaingxian,,17275852B9838053353656,CHN,ADM2
Zhaxiangxian,,17275852B49228373536251,CHN,ADM2
Jiangzixian,,17275852B15600731123597,CHN,ADM2
Gonggaxian,,17275852B65816436052393,CHN,ADM2
Dazhuxian,,17275852B97417375020554,CHN,ADM2
Dayixian,,17275852B78273984673431,CHN,ADM2
Huainingxian,,17275852B61181961088318,CHN,ADM2
Huangzhoushi,,17275852B47701832659247,CHN,ADM2
Yuhangxian,,17275852B80148882172064,CHN,ADM2
Pengxixian,,17275852B78659963754114,CHN,ADM2
Lushanxian,,17275852B17632126042959,CHN,ADM2
Naidongxian,,17275852B65626767638743,CHN,ADM2
Tianmenshi,,17275852B84393989037078,CHN,ADM2
Jiazhaxian,,17275852B12900098883102,CHN,ADM2
Shangrixian,,17275852B15476422276109,CHN,ADM2
Daishanxian,,17275852B91399175623236,CHN,ADM2
Kangdingxian,,17275852B47950992751133,CHN,ADM2
Langkazhixian,,17275852B27542222545947,CHN,ADM2
Anqingshi,,17275852B60218719915669,CHN,ADM2
Xishuixian,,17275852B96835160268267,CHN,ADM2
Hanchuanxian,,17275852B20365978295850,CHN,ADM2
Taihuxian,,17275852B55448399697332,CHN,ADM2
Jianshixian,,17275852B53940528412094,CHN,ADM2
Liangpingxian,,17275852B1694066732521,CHN,ADM2
Guanganxian,,17275852B34390587465306,CHN,ADM2
Manggangxian,,17275852B61899141263472,CHN,ADM2
Yajiangxian,,17275852B62345811013503,CHN,ADM2
Motuoxian,,17275852B93894123088488,CHN,ADM2
Cixishi,,17275852B15154532755577,CHN,ADM2
Linanxian,,17275852B56334810083917,CHN,ADM2
Hangzhoushi,,17275852B71370953459893,CHN,ADM2
Xiaoshanshi,,17275852B66962615782513,CHN,ADM2
Suangliuxian,,17275852B57047696875398,CHN,ADM2
Qichunxian,,17275852B69911371168899,CHN,ADM2
Yuechixian,,17275852B8936190947302,CHN,ADM2
Huangshanshi,,17275852B61616021978467,CHN,ADM2
Jingdexian,,17275852B56023235126255,CHN,ADM2
Dingjiexian,,17275852B14909228153998,CHN,ADM2
Milinxian,,17275852B72528500575842,CHN,ADM2
Yichangshi,,17275852B17052950603257,CHN,ADM2
Changyangtujiazuzizhixian,,17275852B99576930455664,CHN,ADM2
Jianyangshi,,17275852B80058936891799,CHN,ADM2
Yuyaoshi,,17275852B75685650180995,CHN,ADM2
Qionglaixian,,17275852B97954418237605,CHN,ADM2
Suiningshi,,17275852B9258560820479,CHN,ADM2
Lezhixian,,17275852B2077684843818,CHN,ADM2
Ezhoushi,,17275852B68532057450373,CHN,ADM2
Gangbaxian,,17275852B55481255682008,CHN,ADM2
Dongzhixian,,17275852B3826775936083,CHN,ADM2
Xinjinxian,,17275852B50976158649517,CHN,ADM2
Zhijiangxian,,17275852B12593540550492,CHN,ADM2
Jianglingxian,,17275852B96624470518596,CHN,ADM2
Langxian,,17275852B76051644450765,CHN,ADM2
Shangyushi,,17275852B7795452989931,CHN,ADM2
Qianjiangshi,,17275852B27976265204275,CHN,ADM2
Enshishi,,17275852B54518230453719,CHN,ADM2
Shitaixian,,17275852B31377284290570,CHN,ADM2
Shaoxingxian,,17275852B98379602519550,CHN,ADM2
Lichuanshi,,17275852B58135321660879,CHN,ADM2
Jixixian,,17275852B16097591965971,CHN,ADM2
Qushongxian,,17275852B25629298081957,CHN,ADM2
Qiongjiexian,,17275852B16943094958714,CHN,ADM2
Ningboshi,,17275852B47532353262214,CHN,ADM2
Wangjiangxian,,17275852B45581719395514,CHN,ADM2
Kangmaxian,,17275852B34200925065544,CHN,ADM2
Fuyangshi,,17275852B53059710714494,CHN,ADM2
Wushengxian,,17275852B61211668117026,CHN,ADM2
Zhongxian,,17275852B58286340999894,CHN,ADM2
Zhichengshi,,17275852B5530362994921,CHN,ADM2
Tianquanxian,,17275852B67382669517001,CHN,ADM2
Susongxian,,17275852B10535495030528,CHN,ADM2
Linshuixian,,17275852B55321897076252,CHN,ADM2
Xiantaoshi,,17275852B60855200621799,CHN,ADM2
Shizhutujiazuzizhixian,,17275852B41039470029518,CHN,ADM2
Pengshanxian,,17275852B10918595760805,CHN,ADM2
Dianjiangxian,,17275852B75311953663492,CHN,ADM2
Shaoxingshi,,17275852B90270417137698,CHN,ADM2
Pujiangxian,,17275852B31877610446386,CHN,ADM2
Tongnanxian,,17275852B81616373786388,CHN,ADM2
Tongluxian,,17275852B78492057192398,CHN,ADM2
Renshouxian,,17275852B5485572403907,CHN,ADM2
Huayingshi,,17275852B1340487827058,CHN,ADM2
Yingxian,,17275852B28001364673929,CHN,ADM2
Shexian,,17275852B93231482572641,CHN,ADM2
Mingshanxian,,17275852B99222209572409,CHN,ADM2
Huangmeixian,,17275852B33652089915736,CHN,ADM2
Cuomeixian,,17275852B3618807664758,CHN,ADM2
Hechuanshi,,17275852B16005710189594,CHN,ADM2
Yixian,,17275852B98150019256975,CHN,ADM2
Meishanxian,,17275852B67896385958718,CHN,ADM2
Yaanshi,,17275852B92159102315867,CHN,ADM2
Dazhishi,,17275852B30892899597118,CHN,ADM2
Zhujishi,,17275852B26545854509310,CHN,ADM2
Songzixian,,17275852B99938988629184,CHN,ADM2
Wufengtujiazuzizhixian,,17275852B6085068218532,CHN,ADM2
Ziyangshi,,17275852B48440457176439,CHN,ADM2
Shashi,,17275852B92347709937520,CHN,ADM2
Anyuexian,,17275852B60229538345984,CHN,ADM2
Cunanxian,,17275852B42869172782924,CHN,ADM2
Qimenxian,,17275852B85976102347819,CHN,ADM2
Huangshishi,,17275852B56190437260016,CHN,ADM2
Chayuxian,,17275852B56802851821394,CHN,ADM2
Wuxueshi,,17275852B64934349609422,CHN,ADM2
Jiayuxian,,17275852B32983558612198,CHN,ADM2
Gonganxian,,17275852B9048397080076,CHN,ADM2
Ludingxian,,17275852B23326850448082,CHN,ADM2
Fenghuashi,,17275852B16277870573564,CHN,ADM2
Shengxian,,17275852B46998996515844,CHN,ADM2
Xiuningxian,,17275852B31757639036873,CHN,ADM2
Danlingxian,,17275852B56145168746123,CHN,ADM2
Fengduxian,,17275852B99042359000457,CHN,ADM2
Changshouxian,,17275852B20178605301884,CHN,ADM2
Yangxinxian,,17275852B26356208960650,CHN,ADM2
Hefengxian,,17275852B80064700245826,CHN,ADM2
Pengzexian,,17275852B45958961660036,CHN,ADM2
Xiangshanxian,,17275852B40414648244388,CHN,ADM2
Honghushi,,17275852B50342463051977,CHN,ADM2
Yadongxian,,17275852B90193244066864,CHN,ADM2
Yanjingxian,,17275852B40415823663758,CHN,ADM2
Xuanenxian,,17275852B27395937985126,CHN,ADM2
Hongyaxian,,17275852B47800079203289,CHN,ADM2
Jianlixian,,17275852B4933496009294,CHN,ADM2
Zizhongxian,,17275852B27690331557972,CHN,ADM2
Longzhixian,,17275852B22813364881676,CHN,ADM2
Yongjingxian,,17275852B85360434089813,CHN,ADM2
Jingbeixian,,17275852B97051310016142,CHN,ADM2
Jingdezheshi,,17275852B95102809901298,CHN,ADM2
Xianningshi,,17275852B36551936006551,CHN,ADM2
Jiandeshi,,17275852B95109993079714,CHN,ADM2
Tongliangxian,,17275852B96755659764231,CHN,ADM2
Shimenxian,,17275852B98784390804278,CHN,ADM2
Xiangchengxian,,17275852B31291032699823,CHN,ADM2
Luozhaxian,,17275852B96884118594341,CHN,ADM2
Pujiangxian,,17275852B27557602684751,CHN,ADM2
Xinchangxian,,17275852B50974554768856,CHN,ADM2
Jiajiangxian,,17275852B65904297882283,CHN,ADM2
Huangshanshi,,17275852B25584448604265,CHN,ADM2
Ninghaixian,,17275852B90975196028640,CHN,ADM2
Puxishi,,17275852B1379721554141,CHN,ADM2
Qingshenxian,,17275852B87133434189568,CHN,ADM2
Fulingshi,,17275852B58072138884557,CHN,ADM2
Xianfengxian,,17275852B66559238519647,CHN,ADM2
Gongyanxian,,17275852B1257312703969,CHN,ADM2
Hukouxian,,17275852B94641558554685,CHN,ADM2
Lixian,,17275852B90974000054978,CHN,ADM2
Yiwushi,,17275852B71820490263286,CHN,ADM2
Jiujianxian,,17275852B69310239774277,CHN,ADM2
Dongyangshi,,17275852B47804746725670,CHN,ADM2
Shishoushi,,17275852B8285619165934,CHN,ADM2
Bituxian,,17275852B66641637059539,CHN,ADM2
Tongshanxian,,17275852B63896267030142,CHN,ADM2
Congqingshi,,17275852B61145215456285,CHN,ADM2
Hanyuanxian,,17275852B82571536959459,CHN,ADM2
Ruichangshi,,17275852B87718878820627,CHN,ADM2
Jiujiangxian,,17275852B29212741984798,CHN,ADM2
Bishanxian,,17275852B67293994279376,CHN,ADM2
Weiyuanxian,,17275852B6266164353662,CHN,ADM2
Leshanshi,,17275852B99847595379698,CHN,ADM2
Ermeishanshi,,17275852B10243812034258,CHN,ADM2
Dazhuxian,,17275852B74051544695436,CHN,ADM2
Jiujiangshi,,17275852B82067370611519,CHN,ADM2
Boyangxian,,17275852B60036374298215,CHN,ADM2
Daochengxian,,17275852B22886367507423,CHN,ADM2
Cuonaxian,,17275852B13594857559417,CHN,ADM2
Lanxishi,,17275852B41425356149959,CHN,ADM2
Qianjiangtujiazumiaozuzizhixian,,17275852B52904942013516,CHN,ADM2
Tiantaixian,,17275852B98717202018932,CHN,ADM2
Wuyuanxian,,17275852B5353146374567,CHN,ADM2
Huarongxian,,17275852B17844612193988,CHN,ADM2
Linxiangshi,,17275852B42183204213930,CHN,ADM2
Duchangxian,,17275852B18639822721943,CHN,ADM2
Pengshuimiaozutujiazuzizhixian,,17275852B88397337248145,CHN,ADM2
Baxian,,17275852B17642144241844,CHN,ADM2
Shimianxian,,17275852B75735248015336,CHN,ADM2
Kaihuaxian,,17275852B62466362466217,CHN,ADM2
Rongchangxian,,17275852B34161226584930,CHN,ADM2
Shangzhixian,,17275852B46756156758774,CHN,ADM2
Chongyangxian,,17275852B70532431314317,CHN,ADM2
Linlixian,,17275852B22870349933730,CHN,ADM2
Rongxian,,17275852B30186056441572,CHN,ADM2
Anxiangxian,,17275852B81554306690473,CHN,ADM2
Pananxian,,17275852B38667129164520,CHN,ADM2
Deqinxian,,17275852B46040402463359,CHN,ADM2
Sanmenxian,,17275852B37463175613953,CHN,ADM2
Yueyangshi,,17275852B92071256808581,CHN,ADM2
Chilixian,,17275852B27218734116347,CHN,ADM2
Deanxian,,17275852B39422876200918,CHN,ADM2
Xingzixian,,17275852B69224732604429,CHN,ADM2
Jinshishi,,17275852B89771115273155,CHN,ADM2
Wulongxian,,17275852B26027313782231,CHN,ADM2
Quxian,,17275852B8079983127742,CHN,ADM2
Wuningxian,,17275852B64087191598728,CHN,ADM2
Jinkouhequ,,17275852B37882683065696,CHN,ADM2
Laifengxian,,17275852B36938148660277,CHN,ADM2
Longshanxian,,17275852B45513647605851,CHN,ADM2
Jiulongxian,,17275852B74261219630317,CHN,ADM2
Longchangxian,,17275852B86197176876529,CHN,ADM2
Longyouxian,,17275852B50934595514046,CHN,ADM2
Yongchuanshi,,17275852B164157278498,CHN,ADM2
Jianweixian,,17275852B92176345134366,CHN,ADM2
Zigongshi,,17275852B49595513561707,CHN,ADM2
Linhaishi,,17275852B40934974334003,CHN,ADM2
Nanxian,,17275852B48723612203998,CHN,ADM2
Fushunxian,,17275852B50752656866377,CHN,ADM2
Changshanxian,,17275852B23032274093284,CHN,ADM2
Nanchuanxian,,17275852B65163116968784,CHN,ADM2
Erbianyizuzizhixian,,17275852B94628873791223,CHN,ADM2
Yongkangshi,,17275852B93478142128701,CHN,ADM2
Ganluoxian,,17275852B94288996311479,CHN,ADM2
Mulicangzuzizhixian,,17275852B80219081988604,CHN,ADM2
Xianjuxian,,17275852B77187634403002,CHN,ADM2
Yongxiuxian,,17275852B24333220567136,CHN,ADM2
Tongchengxian,,17275852B33575886998291,CHN,ADM2
Dexingshi,,17275852B90238227594233,CHN,ADM2
Jiangjinshi,,17275852B88857247163357,CHN,ADM2
Wuyixian,,17275852B82056417042325,CHN,ADM2
Xiushuixian,,17275852B10675763964956,CHN,ADM2
Yongshunxian,,17275852B35553151358336,CHN,ADM2
Muchuanxian,,17275852B76307888558924,CHN,ADM2
Derongxian,,17275852B22120662831852,CHN,ADM2
Taoyuanxian,,17275852B27127602748719,CHN,ADM2
Lepingshi,,17275852B50191422864704,CHN,ADM2
Luxian,,17275852B4573551783963,CHN,ADM2
Dayongshi,,17275852B79971137199373,CHN,ADM2
Yibinxian,,17275852B84765963113471,CHN,ADM2
Qiuyangtujiazumiaozuzizhixian,,17275852B87295171942618,CHN,ADM2
Jinyunxian,,17275852B80322806028087,CHN,ADM2
Quxian,,17275852B85014187933164,CHN,ADM2
Mabianyizuzizhixian,,17275852B77495779356693,CHN,ADM2
Zhongdianxian,,17275852B35258595662952,CHN,ADM2
Mianningxian,,17275852B18343080596072,CHN,ADM2
Xinjianxian,,17275852B96228664587587,CHN,ADM2
Yushanxian,,17275852B31573882035564,CHN,ADM2
Daozhenkelaozhumiaozhuzizhixian,,17275852B404444017551,CHN,ADM2
Zhuanjiangxian,,17275852B86211507455330,CHN,ADM2
Jinganxian,,17275852B88707811573248,CHN,ADM2
Jiangshanshi,,17275852B46630816811728,CHN,ADM2
Lishuishi,,17275852B87182296846240,CHN,ADM2
Pingjiangxian,,17275852B90965759328567,CHN,ADM2
Ｚuichangxian,,17275852B26344796891704,CHN,ADM2
Nanxixian,,17275852B12709041219637,CHN,ADM2
Yibinshi,,17275852B38780722063465,CHN,ADM2
Anyixian,,17275852B59616994343756,CHN,ADM2
Wanshengqu,,17275852B29390740137661,CHN,ADM2
Nanchangxian,,17275852B69618555412569,CHN,ADM2
Yuexixian,,17275852B78456779133513,CHN,ADM2
Yanhetujiazuzizhixian,,17275852B62846804466804,CHN,ADM2
Shangraoxian,,17275852B72769683371533,CHN,ADM2
Yuganxian,,17275852B25101176936396,CHN,ADM2
Wuchuankelaozhumiaozhuzizhixian,,17275852B77945295007031,CHN,ADM2
Hejiangxian,,17275852B46135473164586,CHN,ADM2
Yongjiaxian,,17275852B12443275471591,CHN,ADM2
Wannianxian,,17275852B23708909449715,CHN,ADM2
Miluoshi,,17275852B51477400341578,CHN,ADM2
Wenlingshi,,17275852B62298947029961,CHN,ADM2
Jianganxian,,17275852B99445234563649,CHN,ADM2
Leqingxian,,17275852B82537963815987,CHN,ADM2
Nanchangshi,,17275852B78567156775151,CHN,ADM2
Luzhoushi,,17275852B1441354643708,CHN,ADM2
Yuanlingxian,,17275852B62552484302053,CHN,ADM2
Yiyangxian,,17275852B51390796967225,CHN,ADM2
Meiguxian,,17275852B23024603415445,CHN,ADM2
Gongshandulongzunuzuzizhixian,,17275852B78440526317116,CHN,ADM2
Pingshanxian,,17275852B27089130196720,CHN,ADM2
Fengxinxian,,17275852B63877453406832,CHN,ADM2
Hengfengxian,,17275852B67769801833376,CHN,ADM2
Songyangxian,,17275852B89940388970234,CHN,ADM2
Naxixian,,17275852B329525942101,CHN,ADM2
Jinxianxian,,17275852B81051002573718,CHN,ADM2
Tongzhixian,,17275852B76913133241906,CHN,ADM2
Baojingxian,,17275852B76756762086633,CHN,ADM2
Guangfengxian,,17275852B34909453536373,CHN,ADM2
Xishuixian,,17275852B66126931571645,CHN,ADM2
Tongguxian,,17275852B58489467965072,CHN,ADM2
Xinjianxian,,17275852B81783797021346,CHN,ADM2
Qingtianxian,,17275852B98251292892168,CHN,ADM2
Gaoxian,,17275852B66715265231630,CHN,ADM2
Zhenganxian,,17275852B56427926968047,CHN,ADM2
Guixixian,,17275852B89533026423026,CHN,ADM2
Changningxian,,17275852B74627335760199,CHN,ADM2
Yujiangxian,,17275852B48217934131504,CHN,ADM2
Suijiangxian,,17275852B67045134559909,CHN,ADM2
Chishuishi,,17275852B19549053034507,CHN,ADM2
Xiushantujiazumiaozuzizhixian,,17275852B4851709447471,CHN,ADM2
Leiboxian,,17275852B14406992988019,CHN,ADM2
Shangraoshi,,17275852B46346395801730,CHN,ADM2
Xidexian,,17275852B41708679829209,CHN,ADM2
Guzhangxian,,17275852B15433557997872,CHN,ADM2
Shuifuxian,,17275852B25475293774164,CHN,ADM2
Gaoanshi,,17275852B66433667475820,CHN,ADM2
Shanggaoxian,,17275852B67626464932783,CHN,ADM2
Longquanshi,,17275852B73340521246225,CHN,ADM2
Changshaxian,,17275852B41719367338221,CHN,ADM2
Yunhexian,,17275852B6292026436391,CHN,ADM2
Taojiangxian,,17275852B92236610357248,CHN,ADM2
Dongxiangxian,,17275852B30120943168727,CHN,ADM2
Qianshanxian,,17275852B57882995260260,CHN,ADM2
Puchengxian,,17275852B14417300719855,CHN,ADM2
Yongshanxian,,17275852B2220262487318,CHN,ADM2
Ouhaixian,,17275852B43707425356039,CHN,ADM2
Dejiangxian,,17275852B77744883625626,CHN,ADM2
Anhuaxian,,17275852B99031090286931,CHN,ADM2
Huayuanxian,,17275852B43192161150735,CHN,ADM2
Liuyangxian,,17275852B20195210179330,CHN,ADM2
Gongxian,,17275852B38958320560982,CHN,ADM2
Wenzhoushi,,17275852B29365851049062,CHN,ADM2
Xuyongxian,,17275852B36041200639994,CHN,ADM2
Zhaojuexian,,17275852B22487922789088,CHN,ADM2
Xingwenxian,,17275852B99496849152015,CHN,ADM2
Yanjinxian,,17275852B15994587403299,CHN,ADM2
Wangchengxian,,17275852B8123763353211,CHN,ADM2
Fengchengshi,,17275852B86987062890699,CHN,ADM2
Suiyangxian,,17275852B32808280695427,CHN,ADM2
Yingtanshi,,17275852B25527504348841,CHN,ADM2
Ruianshi,,17275852B3879764169207,CHN,ADM2
Wanzaixian,,17275852B23091947477547,CHN,ADM2
Shongtaomiaozuzizhixian,,17275852B58322354790029,CHN,ADM2
Liuxiangxian,,17275852B27614191229008,CHN,ADM2
Naxishulishuzuzizhixian,,17275852B9137854287113,CHN,ADM2
Yanyuanxian,,17275852B22517944121367,CHN,ADM2
Shanggaoxian,,17275852B18090329850308,CHN,ADM2
Jingningshezuzizhixian,,17275852B85592550914884,CHN,ADM2
Jishoushi,,17275852B45646665441180,CHN,ADM2
Luxixian,,17275852B38679457330989,CHN,ADM2
Wenchengxian,,17275852B31753067259114,CHN,ADM2
Linchanshi,,17275852B19931241701115,CHN,ADM2
Gulinxian,,17275852B47090429207793,CHN,ADM2
Daguanxian,,17275852B83580863536590,CHN,ADM2
Wuyishanshi,,17275852B39002428158328,CHN,ADM2
Yinjiangtujiazumiaozuzizhixian,,17275852B37148110931226,CHN,ADM2
Fenggangxian,,17275852B92261741327288,CHN,ADM2
Junlianxian,,17275852B60503804924568,CHN,ADM2
Xupuxian,,17275852B92967278599953,CHN,ADM2
Changshashi,,17275852B68183819260445,CHN,ADM2
Jinxixian,,17275852B79100708815365,CHN,ADM2
Ninglangyizuzizhixian,,17275852B30286604176549,CHN,ADM2
Fenghuangxian,,17275852B55957651717072,CHN,ADM2
Pingyangxian,,17275852B60568982990722,CHN,ADM2
Zhangshushi,,17275852B34450056986470,CHN,ADM2
Guangzexian,,17275852B26008312470627,CHN,ADM2
Taishunxian,,17275852B8657294857468,CHN,ADM2
Weixinxian,,17275852B75800233864805,CHN,ADM2
Meitanxian,,17275852B24603325650065,CHN,ADM2
Renhuaixian,,17275852B88466396960095,CHN,ADM2
Xinhuaxian,,17275852B74377538565657,CHN,ADM2
Qingyuanxian,,17275852B47416526759176,CHN,ADM2
Chenxixian,,17275852B88625574804326,CHN,ADM2
Songxixian,,17275852B60797773490242,CHN,ADM2
Fenyixian,,17275852B7651699454151,CHN,ADM2
Xinyushi,,17275852B31510326051494,CHN,ADM2
Lijiangnaxizuzizhixian,,17275852B82057698871174,CHN,ADM2
Yichunshi,,17275852B33664952861914,CHN,ADM2
Jinyangxian,,17275852B17138311811008,CHN,ADM2
Sinanxian,,17275852B42578231580865,CHN,ADM2
Butuoxian,,17275852B52132557540167,CHN,ADM2
Zixixian,,17275852B61603419379796,CHN,ADM2
Zhunyixian,,17275852B28786375442580,CHN,ADM2
Changnanxian,,17275852B69233894766016,CHN,ADM2
Xiangtanxian,,17275852B86900087147794,CHN,ADM2
Chongrenxian,,17275852B15586652060579,CHN,ADM2
Shouningxian,,17275852B34982159967792,CHN,ADM2
Xiangtanshi,,17275852B80030259653535,CHN,ADM2
Zhuzhoushi,,17275852B64917628631335,CHN,ADM2
Yiliangxian,,17275852B29331893920720,CHN,ADM2
Pingxiangshi,,17275852B97575309486257,CHN,ADM2
Xinganxian,,17275852B50805542405305,CHN,ADM2
Pugexian,,17275852B8760593978321,CHN,ADM2
Xiangxiangshi,,17275852B30234534234292,CHN,ADM2
Lianyuanshi,,17275852B57117829941514,CHN,ADM2
Fugongxian,,17275852B93044966780229,CHN,ADM2
Mayangmiaozuzizhixian,,17275852B22216868831768,CHN,ADM2
Jianyangshi,,17275852B32842515207648,CHN,ADM2
Lilingshi,,17275852B58036174254783,CHN,ADM2
Zhuzhouxian,,17275852B71616119662495,CHN,ADM2
Nanchengxian,,17275852B81133861819543,CHN,ADM2
Zhenxiongxian,,17275852B38849967553627,CHN,ADM2
Jiangkouxian,,17275852B4672741734834,CHN,ADM2
Fudingshi,,17275852B54078553013960,CHN,ADM2
Yihuangxian,,17275852B39849449809026,CHN,ADM2
Leanxian,,17275852B23042571236095,CHN,ADM2
Bijieshi,,17275852B67267396948289,CHN,ADM2
Dechangxian,,17275852B36550991536450,CHN,ADM2
Xiajiangxian,,17275852B44589121739824,CHN,ADM2
Tongrenshi,,17275852B95161944311697,CHN,ADM2
Zhenghexian,,17275852B54799230122335,CHN,ADM2
Loudishi,,17275852B16480086330459,CHN,ADM2
Zhaowushi,,17275852B21494165623103,CHN,ADM2
Lengshuijiangshi,,17275852B67716843335198,CHN,ADM2
Zhunyishi,,17275852B80797002792061,CHN,ADM2
Zhaotongshi,,17275852B6036299829891,CHN,ADM2
Jinshaxian,,17275852B62787321894891,CHN,ADM2
Huaihuashi,,17275852B39901744129033,CHN,ADM2
Fuanshi,,17275852B96160830946824,CHN,ADM2
Tuorongxian,,17275852B26033440645013,CHN,ADM2
Lichuanxian,,17275852B15928071016890,CHN,ADM2
Shiqianxian,,17275852B48582144881856,CHN,ADM2
Zhouningxian,,17275852B72762706296361,CHN,ADM2
Shuangfengxian,,17275852B85750727036901,CHN,ADM2
Yuqingxian,,17275852B94170145998342,CHN,ADM2
Jianshi,,17275852B99539158189120,CHN,ADM2
Ludingshi,,17275852B42043031438117,CHN,ADM2
Jaioushi,,17275852B50435667373766,CHN,ADM2
Dafangxian,,17275852B22049627430136,CHN,ADM2
Anfuxian,,17275852B97427850556586,CHN,ADM2
Longhuixian,,17275852B18116448173822,CHN,ADM2
Yanbianxian,,17275852B63005050969974,CHN,ADM2
Yongfengxian,,17275852B43446340592902,CHN,ADM2
Qiaojiaxian,,17275852B12551067010404,CHN,ADM2
Zhijiangdongzuzizhixain,,17275852B74953697630233,CHN,ADM2
Jishuixian,,17275852B70748117167042,CHN,ADM2
Weininglizuhuizumiaozuzizhixian,,17275852B55803803315704,CHN,ADM2
Wanshantequ,,17275852B82327711064596,CHN,ADM2
Xinzhaoxian,,17275852B84401922274795,CHN,ADM2
Hezhangxian,,17275852B24817861610941,CHN,ADM2
Xiapuxian,,17275852B44248179758570,CHN,ADM2
Miyixian,,17275852B73600363846260,CHN,ADM2
Pingnanxian,,17275852B96568921985306,CHN,ADM2
Lanpingbazupumizuzizhixian,,17275852B34248105319299,CHN,ADM2
Nanfengxian,,17275852B38392968045125,CHN,ADM2
Chengongxian,,17275852B6704893339132,CHN,ADM2
Ningnanxian,,17275852B77966044233531,CHN,ADM2
Wenganxian,,17275852B82453745419321,CHN,ADM2
Yupingdongzuzizhixian,,17275852B96170780942388,CHN,ADM2
Shuchangxian,,17275852B35957304691865,CHN,ADM2
Lianhuaxian,,17275852B91684133386651,CHN,ADM2
Hengshanxian,,17275852B53627816077620,CHN,ADM2
Hengdongxian,,17275852B36913005944946,CHN,ADM2
Youxian,,17275852B19179665041659,CHN,ADM2
Xinhuangdongzuzizhixian,,17275852B72618793977319,CHN,ADM2
Zhaodongxian,,17275852B45551980478134,CHN,ADM2
Huilixian,,17275852B90257281612339,CHN,ADM2
Yongshengxian,,17275852B68839922899584,CHN,ADM2
Qianxixian,,17275852B62521251525242,CHN,ADM2
Kaiyangxian,,17275852B11556589492869,CHN,ADM2
Ningdeshi,,17275852B37590867813392,CHN,ADM2
Zhenyuanxian,,17275852B28348637919965,CHN,ADM2
Dongkouxian,,17275852B25949593407679,CHN,ADM2
Hengyangxian,,17275852B34077006692640,CHN,ADM2
Tainingxian,,17275852B63421671919236,CHN,ADM2
Xifengxian,,17275852B71298849166543,CHN,ADM2
Shibingxian,,17275852B89200804760273,CHN,ADM2
Jianningxian,,17275852B35197276805075,CHN,ADM2
Huapingxian,,17275852B22335925234280,CHN,ADM2
Jianglexian,,17275852B59209488526743,CHN,ADM2
Shaoyangshi,,17275852B63586531692410,CHN,ADM2
Ningduxian,,17275852B51269093511150,CHN,ADM2
Zhaoyangxian,,17275852B72472413631255,CHN,ADM2
Huangpingxian,,17275852B51623847556135,CHN,ADM2
Jianshi,,17275852B29450147562060,CHN,ADM2
Yongxinxian,,17275852B19884249263384,CHN,ADM2
Gutianxian,,17275852B11168745431905,CHN,ADM2
Xiuwenxian,,17275852B48498559421343,CHN,ADM2
Huizhexian,,17275852B10474076998029,CHN,ADM2
Nayongxian,,17275852B78387074097744,CHN,ADM2
Tianzhuxian,,17275852B92521895018250,CHN,ADM2
Chalingxian,,17275852B74456563163593,CHN,ADM2
Jianchuanxian,,17275852B43766801647732,CHN,ADM2
Nanpingshi,,17275852B10267820559553,CHN,ADM2
Huidongxian,,17275852B47707436055731,CHN,ADM2
Guangchangxian,,17275852B24106672686887,CHN,ADM2
Huitongxian,,17275852B39353685589613,CHN,ADM2
Heqingxian,,17275852B57531147940324,CHN,ADM2
Suiningxian,,17275852B23606039039574,CHN,ADM2
Panzhihuashi,,17275852B48079321876635,CHN,ADM2
Sansuixian,,17275852B59709047766832,CHN,ADM2
Qidongxian,,17275852B32936611389076,CHN,ADM2
Fuquanxian,,17275852B70502263910192,CHN,ADM2
Taihexian,,17275852B73903296597057,CHN,ADM2
Hengyangshi,,17275852B38304326885512,CHN,ADM2
Luoyuanxian,,17275852B88564558630562,CHN,ADM2
Shuichengxian,,17275852B88999445787973,CHN,ADM2
Wugangshi,,17275852B23093629641028,CHN,ADM2
Hengnanxian,,17275852B92066016605548,CHN,ADM2
Zhijinxian,,17275852B92361823429539,CHN,ADM2
Minhouxian,,17275852B13001476141541,CHN,ADM2
Guiyangshi,,17275852B16907822302081,CHN,ADM2
Shaxian,,17275852B21750823884811,CHN,ADM2
Qingzhenshi,,17275852B26086965557611,CHN,ADM2
Lushuixian,,17275852B45194872627530,CHN,ADM2
Minqingxian,,17275852B92675490846952,CHN,ADM2
Jianhexian,,17275852B64582364055404,CHN,ADM2
Xinlingxian,,17275852B93418989751134,CHN,ADM2
Eryuanxian,,17275852B71842438577208,CHN,ADM2
Donganxian,,17275852B5924148913405,CHN,ADM2
Anrenxian,,17275852B80421911447528,CHN,ADM2
Taijiangxian,,17275852B6329139279370,CHN,ADM2
Jinggangshanshi,,17275852B25666677203158,CHN,ADM2
Xuanweishi,,17275852B78997448672423,CHN,ADM2
Ninggangxian,,17275852B88503935537678,CHN,ADM2
Mingxixian,,17275852B28845515446882,CHN,ADM2
Qiyangxian,,17275852B68439932269720,CHN,ADM2
Ninghuaxian,,17275852B1598816020910,CHN,ADM2
Lianjiangxian,,17275852B42230140857746,CHN,ADM2
Longlixian,,17275852B61653092439657,CHN,ADM2
Yunlongxian,,17275852B14438310223406,CHN,ADM2
Yongrenxian,,17275852B70862003450538,CHN,ADM2
Kailishi,,17275852B87768884427786,CHN,ADM2
Xingguoxian,,17275852B91186135419268,CHN,ADM2
Fuzhoushi,,17275852B60010150977543,CHN,ADM2
Guidingxian,,17275852B88416368639582,CHN,ADM2
Lengshuitanshi,,17275852B19373422782193,CHN,ADM2
Wananxian,,17275852B74776996629025,CHN,ADM2
Jingzhoumiaozhudongzuzizhixian,,17275852B46408721575403,CHN,ADM2
Liupanshuishi,,17275852B64389881051252,CHN,ADM2
Shichengxian,,17275852B81617624799306,CHN,ADM2
Suichuanxian,,17275852B37858104001226,CHN,ADM2
Jinpingxian,,17275852B84279406180349,CHN,ADM2
Youxixian,,17275852B34420574294401,CHN,ADM2
Leiyangshi,,17275852B64193210644413,CHN,ADM2
Dongchuanshi,,17275852B4286928481032,CHN,ADM2
Dayaoxian,,17275852B35995479752580,CHN,ADM2
Chengbumiaozuzizhixian,,17275852B2703731406555,CHN,ADM2
Lingxian,,17275852B17352235722767,CHN,ADM2
Sanmingshi,,17275852B62019928411356,CHN,ADM2
Liuzhitequ,,17275852B85717439956209,CHN,ADM2
Pingbaxian,,17275852B82220700836610,CHN,ADM2
Majiangxian,,17275852B42882807490771,CHN,ADM2
Luquanyizumiaozuzizhixian,,17275852B2391404383372,CHN,ADM2
Changningxian,,17275852B58608186054447,CHN,ADM2
Pudingxian,,17275852B90203022675134,CHN,ADM2
Qingliuxian,,17275852B2889394580219,CHN,ADM2
Leishanxian,,17275852B91882570901011,CHN,ADM2
Binchuanxian,,17275852B65746809858679,CHN,ADM2
Yongxingxian,,17275852B13515438475644,CHN,ADM2
Lipingxian,,17275852B36926194183008,CHN,ADM2
Tongzhoudongzuzizhixian,,17275852B99235497139571,CHN,ADM2
Yuduxian,,17275852B800916503217,CHN,ADM2
Rongjiangxian,,17275852B19397376083736,CHN,ADM2
Duyunshi,,17275852B13930467534942,CHN,ADM2
Danzhaixian,,17275852B10784646999249,CHN,ADM2
Changleshi,,17275852B60612190497835,CHN,ADM2
Yongtaixian,,17275852B37857453943231,CHN,ADM2
Wudingxian,,17275852B98126080028610,CHN,ADM2
Ruijinshi,,17275852B66961239610954,CHN,ADM2
Panxiantequ,,17275852B20147297357411,CHN,ADM2
Tengchongxian,,17275852B50071782197016,CHN,ADM2
Yonganshi,,17275852B91401282439532,CHN,ADM2
Dalishi,,17275852B67996311980800,CHN,ADM2
Datianxian,,17275852B14815638988431,CHN,ADM2
Yongzhoushi,,17275852B26853845812465,CHN,ADM2
Yuanmouxian,,17275852B90497026616955,CHN,ADM2
Ganxian,,17275852B76534884260482,CHN,ADM2
Quanzhouxian,,17275852B77313722911095,CHN,ADM2
Yangbiyizuzizhixian,,17275852B64318372640082,CHN,ADM2
Changshunxian,,17275852B90007469262038,CHN,ADM2
Huishuixian,,17275852B65120875351414,CHN,ADM2
Zixingshi,,17275852B3078937229580,CHN,ADM2
Nankangshi,,17275852B71083235506927,CHN,ADM2
Ziyuanxian,,17275852B22147912838561,CHN,ADM2
Qinglongxian,,17275852B97011127170686,CHN,ADM2
Puanxian,,17275852B68742327959406,CHN,ADM2
Zhenningbuyizumiaozuzizhixian,,17275852B36752743694305,CHN,ADM2
Guidongxian,,17275852B46549354108965,CHN,ADM2
Qujingshi,,17275852B22092438679853,CHN,ADM2
Xangyunxian,,17275852B23195685677374,CHN,ADM2
Xundianhuizuyizuzizhixian,,17275852B18732774826052,CHN,ADM2
Shangyouxian,,17275852B41394272458329,CHN,ADM2
Dehuaxian,,17275852B52033797991024,CHN,ADM2
Fuqingshi,,17275852B47214038820512,CHN,ADM2
Yongpingxian,,17275852B3509155604321,CHN,ADM2
Changdingxian,,17275852B29164896560898,CHN,ADM2
Guiyangxian,,17275852B523615453255,CHN,ADM2
Sandushuizuzizhixian,,17275852B57744324768407,CHN,ADM2
Pingtangxian,,17275852B94167566409501,CHN,ADM2
Guanlingbuyizumiaozuzizhixian,,17275852B94455930416876,CHN,ADM2
Longshengezuzizhixian,,17275852B77859179845033,CHN,ADM2
Shuangpaixian,,17275852B95440599871717,CHN,ADM2
Baoshanshi,,17275852B44348790088187,CHN,ADM2
Putianxian,,17275852B16105050053503,CHN,ADM2
Ningyuanxian,,17275852B14415354149273,CHN,ADM2
Lianchengxian,,17275852B52186187686392,CHN,ADM2
Xintianxian,,17275852B10035790927173,CHN,ADM2
Zhiyunmiaozubuyizuzizhixian,,17275852B46407226040623,CHN,ADM2
Fuyuanxian,,17275852B63296783362201,CHN,ADM2
Yaoanxian,,17275852B91193681213214,CHN,ADM2
Xianyouxian,,17275852B59261423659404,CHN,ADM2
Chengxian,,17275852B41550697085290,CHN,ADM2
Huichangxian,,17275852B61532431382022,CHN,ADM2
Ganzhoushi,,17275852B3297440504647,CHN,ADM2
Pingtanxian,,17275852B53025585862768,CHN,ADM2
Congjiangxian,,17275852B1299641415779,CHN,ADM2
Zhangpingxian,,17275852B63293791576670,CHN,ADM2
Dushanxian,,17275852B88460171849955,CHN,ADM2
Shanjiangdongzuzizhixian,,17275852B81663654183510,CHN,ADM2
Chengzhoushi,,17275852B36819394991823,CHN,ADM2
Moudingxian,,17275852B22481016171725,CHN,ADM2
Miduxian,,17275852B9442373722968,CHN,ADM2
Chongyixian,,17275852B43722651535129,CHN,ADM2
Yingjiangxian,,17275852B59976310203554,CHN,ADM2
Weishanyizuhuizuzizhixian,,17275852B62510741734736,CHN,ADM2
Xinganxian,,17275852B46316507621330,CHN,ADM2
Taibeixian,,17275852B16822718993810,CHN,ADM2
Ruchengxian,,17275852B95256564001181,CHN,ADM2
Putianshi,,17275852B87114256965843,CHN,ADM2
Xingrenxian,,17275852B67915553823587,CHN,ADM2
Yongchunxian,,17275852B46208020456835,CHN,ADM2
Fuminxian,,17275852B4164401595365,CHN,ADM2
Daoxian,,17275852B92796036567786,CHN,ADM2
Longyanshi,,17275852B4666557299379,CHN,ADM2
Lingchuanxian,,17275852B52318550919492,CHN,ADM2
Jiahexian,,17275852B42949216390922,CHN,ADM2
Malongxian,,17275852B96140347691266,CHN,ADM2
Lufengxian,,17275852B89508881164731,CHN,ADM2
Luodianxian,,17275852B63795012708940,CHN,ADM2
Jilongshi,,17275852B48164327857967,CHN,ADM2
Zhenfengxian,,17275852B44999461452722,CHN,ADM2
Taibeishi,,17275852B33335326571793,CHN,ADM2
Guanyangxian,,17275852B66405326872057,CHN,ADM2
Yizhangxian,,17275852B80086875950659,CHN,ADM2
Anyuanxian,,17275852B37578058694758,CHN,ADM2
Nanhuaxian,,17275852B82247440115910,CHN,ADM2
Dayuxian,,17275852B18650308284914,CHN,ADM2
Rongshuimiaozuzizhixian,,17275852B3705885122066,CHN,ADM2
Anxixian,,17275852B63889031221729,CHN,ADM2
Songmingxian,,17275852B12101736585739,CHN,ADM2
Linguixian,,17275852B18221903056206,CHN,ADM2
Wangmoxian,,17275852B79123959013748,CHN,ADM2
Changningxian,,17275852B49417479472188,CHN,ADM2
Taoyuanxian,,17275852B82922987483495,CHN,ADM2
Wupingxian,,17275852B79983094228846,CHN,ADM2
Nananshi,,17275852B50034294804845,CHN,ADM2
Liboxian,,17275852B45356467847081,CHN,ADM2
Lanshanxian,,17275852B31837882827561,CHN,ADM2
Shanghangxian,,17275852B94225890778741,CHN,ADM2
Quanzhoushi,,17275852B75086699702795,CHN,ADM2
Xinfengxian,,17275852B65889258356554,CHN,ADM2
Nandanxian,,17275852B2649331524078,CHN,ADM2
Linwuxian,,17275852B33244958809444,CHN,ADM2
Nanjianyizuzizhixian,,17275852B73247585333625,CHN,ADM2
Huianxian,,17275852B90429058486395,CHN,ADM2
Ronganxian,,17275852B75233313708497,CHN,ADM2
Yilanxian,,17275852B68988219011029,CHN,ADM2
Lianghexian,,17275852B85492016083287,CHN,ADM2
Kunmingshi,,17275852B36917281821750,CHN,ADM2
Chuxiongshi,,17275852B28161848184637,CHN,ADM2
Luopingxian,,17275852B93143295309052,CHN,ADM2
Lechangxian,,17275852B32949846235382,CHN,ADM2
Tianerxian,,17275852B46506533649147,CHN,ADM2
Huanjiangmaonanzuzizhixian,,17275852B86734620316459,CHN,ADM2
Xingyishi,,17275852B60355247544715,CHN,ADM2
Shidianxian,,17275852B44605138871216,CHN,ADM2
Luliangxian,,17275852B59271898684947,CHN,ADM2
Yiliangxian,,17275852B59300404294395,CHN,ADM2
Anlongxian,,17275852B5924538173176,CHN,ADM2
Renhuaxian,,17275852B76272289895068,CHN,ADM2
Jiangyongxian,,17275852B23465728221922,CHN,ADM2
Huaanxian,,17275852B8296297044700,CHN,ADM2
Nanxiongxian,,17275852B43873382520066,CHN,ADM2
Xinzhuxian,,17275852B48545263880555,CHN,ADM2
Fengqingxian,,17275852B47061516045781,CHN,ADM2
Yongfuxian,,17275852B11374124837351,CHN,ADM2
Longlingxian,,17275852B20068359050292,CHN,ADM2
Anningxian,,17275852B77920449895419,CHN,ADM2
Cehengxian,,17275852B94321558510276,CHN,ADM2
Guilinshi,,17275852B75703126958771,CHN,ADM2
Xunwuxian,,17275852B78810548183227,CHN,ADM2
Longchuanxian,,17275852B66801672405752,CHN,ADM2
Yongdingxian,,17275852B94153665683486,CHN,ADM2
Luxixian,,17275852B14658621666192,CHN,ADM2
Gongchengyaozuzizhixian,,17275852B29032778689875,CHN,ADM2
Jianghuayaozuzizhixian,,17275852B47719424166278,CHN,ADM2
Miaolixian,,17275852B34485301798783,CHN,ADM2
Jingdongyizuzizhixian,,17275852B79618073561058,CHN,ADM2
Jinjiangshi,,17275852B99819709984445,CHN,ADM2
Nanjingxian,,17275852B98893708532288,CHN,ADM2
Shixingxian,,17275852B86892600754472,CHN,ADM2
Yimenxian,,17275852B8159394298452,CHN,ADM2
Tonganxian,,17275852B15408627611583,CHN,ADM2
Quannanxian,,17275852B41473005819241,CHN,ADM2
Qujiangxian,,17275852B4837947979174,CHN,ADM2
Luochengyaolaozuzizhixian,,17275852B75472310835240,CHN,ADM2
Shuangboxian,,17275852B9185812464090,CHN,ADM2
Lianzhoushi,,17275852B21274946363178,CHN,ADM2
Changtaixian,,17275852B48501556095420,CHN,ADM2
Shizongxian,,17275852B88435317014830,CHN,ADM2
Ruyuanyaozuzizhixian,,17275852B66908718771842,CHN,ADM2
Yunxian,,17275852B36141241802388,CHN,ADM2
Dingnanxian,,17275852B90289163541326,CHN,ADM2
Leyexian,,17275852B71420233595982,CHN,ADM2
Chengjiangxian,,17275852B32402910369818,CHN,ADM2
Fuchuanyaozuzizhixian,,17275852B43925354322772,CHN,ADM2
Shishishi,,17275852B1065790622928,CHN,ADM2
Lunanyizuzizhixian,,17275852B67660611492152,CHN,ADM2
Longnanxian,,17275852B97589720817814,CHN,ADM2
Longlingezuzizhixian,,17275852B18423645201900,CHN,ADM2
Yangsuoxian,,17275852B72190836262784,CHN,ADM2
Xiamenshi,,17275852B35691129963558,CHN,ADM2
Pingyuanxian,,17275852B75960028918134,CHN,ADM2
Jinningxian,,17275852B26530943250713,CHN,ADM2
Jiaolingxian,,17275852B95816601250462,CHN,ADM2
Meizhoushi,,17275852B67980375579506,CHN,ADM2
Taizhongxian,,17275852B26406952133326,CHN,ADM2
Zhangzhoushi,,17275852B76985937823941,CHN,ADM2
Yongdexian,,17275852B80143057039236,CHN,ADM2
Shaoguanshi,,17275852B54694537615111,CHN,ADM2
Lianhuaxian,,17275852B81990157756951,CHN,ADM2
Luxixian,,17275852B87805726740652,CHN,ADM2
Yangshanxian,,17275852B94606119266005,CHN,ADM2
Hechishi,,17275852B29707440503146,CHN,ADM2
Donglanxian,,17275852B24204237780737,CHN,ADM2
Liannanyaozuzizhixian,,17275852B29773239845140,CHN,ADM2
Longchuanxian,,17275852B42238111310042,CHN,ADM2
Milexian,,17275852B72941365568170,CHN,ADM2
Longhaishi,,17275852B51230036148684,CHN,ADM2
Yizhoushi,,17275852B9210867698949,CHN,ADM2
Pinglexian,,17275852B30229600690581,CHN,ADM2
Luzaixian,,17275852B30057579778613,CHN,ADM2
Xilinxian,,17275852B40480604852636,CHN,ADM2
Dapuxian,,17275852B40827597599959,CHN,ADM2
Liuchengxian,,17275852B77288161352453,CHN,ADM2
Ruilishi,,17275852B45889256371362,CHN,ADM2
Fengshanxian,,17275852B37828982202548,CHN,ADM2
Tianlinxian,,17275852B12900023256683,CHN,ADM2
Lianshanzhuangzuzizhixian,,17275852B59149587384429,CHN,ADM2
Huaningxian,,17275852B85094967299324,CHN,ADM2
Jinmenxian,,17275852B81539652141986,CHN,ADM2
Wandingshi,,17275852B86904299217845,CHN,ADM2
Hepingxian,,17275852B2770952645956,CHN,ADM2
Pinghexian,,17275852B6984922207713,CHN,ADM2
Ershanyizuzizhixian,,17275852B17798637547952,CHN,ADM2
Nantouxian,,17275852B74677024847014,CHN,ADM2
Lipuxian,,17275852B40007568710265,CHN,ADM2
Zhenkangxian,,17275852B52291018073366,CHN,ADM2
Yuxishi,,17275852B27008898094563,CHN,ADM2
Hezhoushi,,17275852B60001245378071,CHN,ADM2
Jiangchuanxian,,17275852B73341523301436,CHN,ADM2
Zhenyuanyizhuhanizhulahuzuzizhixain,,17275852B9202448033967,CHN,ADM2
Zhongshanxian,,17275852B81653312527897,CHN,ADM2
Xingningshi,,17275852B17608034678944,CHN,ADM2
Taizhongshi,,17275852B14733597733322,CHN,ADM2
Xinpingyizhudaizuzizhixian,,17275852B90218051569792,CHN,ADM2
Linchangxian,,17275852B66083683669745,CHN,ADM2
Wongyuanxian,,17275852B29929254137559,CHN,ADM2
Lingyunxian,,17275852B14391906061712,CHN,ADM2
Zhanghuaxian,,17275852B49621178916950,CHN,ADM2
Lianpingxian,,17275852B8366925268148,CHN,ADM2
Zhangpuxian,,17275852B70258266780305,CHN,ADM2
Duanyaozuzizhixian,,17275852B17333277010720,CHN,ADM2
Qiubeixian,,17275852B3143049294932,CHN,ADM2
Yingdeshi,,17275852B77535138951060,CHN,ADM2
Guangnanxian,,17275852B68781805037856,CHN,ADM2
Liuzhoushi,,17275852B52607979106097,CHN,ADM2
Tonghaixian,,17275852B86074376465100,CHN,ADM2
Gengmadaizhuwazuzizhixian,,17275852B8449177634457,CHN,ADM2
Yunxiaoxian,,17275852B99125708243995,CHN,ADM2
Liujiangxian,,17275852B11515718016488,CHN,ADM2
Raopingxian,,17275852B78001466735071,CHN,ADM2
Dahuayaozuzizhixian,,17275852B15295182424688,CHN,ADM2
Huaijixian,,17275852B19894710040929,CHN,ADM2
Bamayaozuzizhixian,,17275852B97789498538539,CHN,ADM2
Jianshuixian,,17275852B68484553596353,CHN,ADM2
Jinxiuyaozuzizhixian,,17275852B68011043448207,CHN,ADM2
Zhaopingxian,,17275852B21404145859662,CHN,ADM2
Xinchengxian,,17275852B98647576585138,CHN,ADM2
Mengshanxian,,17275852B57935643580189,CHN,ADM2
Zhaoanxian,,17275852B52554899928467,CHN,ADM2
Fengshunxian,,17275852B37419515135684,CHN,ADM2
Shipingxian,,17275852B51665073570281,CHN,ADM2
Heyuanshi,,17275852B60758311941437,CHN,ADM2
Baiseshi,,17275852B69181825517957,CHN,ADM2
Xinfengxian,,17275852B8916413772662,CHN,ADM2
Mojianghanizuzizhixian,,17275852B27319073760374,CHN,ADM2
Wuhuaxian,,17275852B34914005005648,CHN,ADM2
Xiangzhouxian,,17275852B84281685795050,CHN,ADM2
Yulinxian,,17275852B5478772681433,CHN,ADM2
Jinggudaizhuyizuzizhixian,,17275852B84847687531311,CHN,ADM2
Shangjianglahuzhuvazhublangzuzizhixian,,17275852B87098676832129,CHN,ADM2
Chaozhoushi,,17275852B75995678778305,CHN,ADM2
Changwuxian,,17275852B5638517994669,CHN,ADM2
Yuanjianghanizhudaizuzizhixian,,17275852B2946822917904,CHN,ADM2
Funingxian,,17275852B12394774588724,CHN,ADM2
Fogangxian,,17275852B62337056358666,CHN,ADM2
Tianyangxian,,17275852B28075125490632,CHN,ADM2
Jiayixian,,17275852B85927339818688,CHN,ADM2
Kaiyuanshi,,17275852B10038962244175,CHN,ADM2
Jianshanxian,,17275852B47269106522129,CHN,ADM2
Laibinxian,,17275852B19348529307540,CHN,ADM2
Pingnanxian,,17275852B54668809399872,CHN,ADM2
Changyuanwazuzizhixian,,17275852B44701305331015,CHN,ADM2
Taidongxian,,17275852B68411434909480,CHN,ADM2
Tiandongxian,,17275852B88397834773158,CHN,ADM2
Zhaopingxian,,17275852B79176055066883,CHN,ADM2
Fengshanxian,,17275852B61074449125496,CHN,ADM2
Guangningxian,,17275852B57638199041654,CHN,ADM2
Longmenxian,,17275852B38331625545684,CHN,ADM2
Mashanxian,,17275852B52304964201578,CHN,ADM2
Chonghuashi,,17275852B54721890479732,CHN,ADM2
Fengkaixian,,17275852B90712148595772,CHN,ADM2
Dongshanxian,,17275852B35175722210772,CHN,ADM2
Jieyangshi,,17275852B81259275775371,CHN,ADM2
Heshanshi,,17275852B1821978982236,CHN,ADM2
Puerhanizhuyizuzizhixian,,17275852B95898451929539,CHN,ADM2
Pingguoxian,,17275852B11835060574612,CHN,ADM2
Zhijinxian,,17275852B40485497211548,CHN,ADM2
Wuxuanxian,,17275852B5503806020979,CHN,ADM2
Tainanxian,,17275852B87279583116216,CHN,ADM2
Wenshanxian,,17275852B76506385801060,CHN,ADM2
Chenghaishi,,17275852B2067645637252,CHN,ADM2
Gejiushi,,17275852B42027013653658,CHN,ADM2
Shanglinxian,,17275852B75559495982426,CHN,ADM2
Jiexixian,,17275852B66356980534214,CHN,ADM2
Guipingshi,,17275852B58322219662995,CHN,ADM2
Boluoxian,,17275852B88884426413746,CHN,ADM2
Mengzixian,,17275852B98994351670446,CHN,ADM2
Sihuishi,,17275852B52216203262250,CHN,ADM2
Debaoxian,,17275852B99445360872637,CHN,ADM2
Honghexian,,17275852B32703931530540,CHN,ADM2
Lanchanglaguzuzizhixian,,17275852B30366160357330,CHN,ADM2
Xichouxian,,17275852B68348636009640,CHN,ADM2
Chaoyangxian,,17275852B58186217435722,CHN,ADM2
Nanaoxian,,17275852B47839165615513,CHN,ADM2
Puningshi,,17275852B36427803126994,CHN,ADM2
Zengchengshi,,17275852B41676374519260,CHN,ADM2
Huadushi,,17275852B59747399545028,CHN,ADM2
Malipoxian,,17275852B43817460377390,CHN,ADM2
Shantoushi,,17275852B44953136813001,CHN,ADM2
Lufengxian,,17275852B66252943806207,CHN,ADM2
Jingxixian,,17275852B45423289887647,CHN,ADM2
Napoxian,,17275852B32075492285057,CHN,ADM2
Yuanyangxian,,17275852B25118635178414,CHN,ADM2
Pingbianmiaozuzizhixian,,17275852B3395613846237,CHN,ADM2
Wumingxian,,17275852B19231985776314,CHN,ADM2
Shanshuishi,,17275852B38552083710936,CHN,ADM2
Tainanshi,,17275852B90651431132420,CHN,ADM2
Wuzhoushi,,17275852B85236269968714,CHN,ADM2
Huiyangshi,,17275852B10013747765987,CHN,ADM2
Deqingxian,,17275852B19079798784363,CHN,ADM2
Huidongxian,,17275852B8583677209878,CHN,ADM2
Simaoxian,,17275852B90215902671103,CHN,ADM2
Guangzhoushi,,17275852B38988280096574,CHN,ADM2
Gaoyaoshi,,17275852B44304898110438,CHN,ADM2
Ximengwazuzizhixian,,17275852B6695014317296,CHN,ADM2
Guigangshi,,17275852B94869101817355,CHN,ADM2
Haifengxian,,17275852B38338809131920,CHN,ADM2
Binyangxian,,17275852B11386974868733,CHN,ADM2
Pingdingxian,,17275852B20799087712877,CHN,ADM2
Luchunxian,,17275852B38063051407977,CHN,ADM2
Tiandengxian,,17275852B11085886687529,CHN,ADM2
Maguanxian,,17275852B76703841753402,CHN,ADM2
Longanxian,,17275852B2033650787942,CHN,ADM2
Huilaixian,,17275852B42704411692482,CHN,ADM2
Nanhaishi,,17275852B25965384817686,CHN,ADM2
Yunanxian,,17275852B29214488763632,CHN,ADM2
Jinpingmiaozhuyaozhudaizuzizhixian,,17275852B24732894609656,CHN,ADM2
Gaoxiongshi,,17275852B65862674662541,CHN,ADM2
Jiangchenghanizhuyizuzizhixian,,17275852B10920492354283,CHN,ADM2
Huizhoushi,,17275852B36456254412660,CHN,ADM2
Zhaoqingshi,,17275852B47086513907411,CHN,ADM2
Hekouyaozuzizhixian,,17275852B29668080933041,CHN,ADM2
Chenxixian,,17275852B85962848339274,CHN,ADM2
Dongguanshi,,17275852B33382458843189,CHN,ADM2
Yunfushi,,17275852B86267588373141,CHN,ADM2
Nanningshi,,17275852B34195804181253,CHN,ADM2
Daxinxian,,17275852B31967187012085,CHN,ADM2
Hengxian,,17275852B45805035523406,CHN,ADM2
Yongningxian,,17275852B8790559451208,CHN,ADM2
Rongxian,,17275852B84693836922329,CHN,ADM2
Foshanshi,,17275852B90337226463204,CHN,ADM2
Panyushi,,17275852B7296923051238,CHN,ADM2
Gaomingshi,,17275852B83740928033028,CHN,ADM2
Shundeshi,,17275852B37976290279083,CHN,ADM2
Mengliandaizhulaguzhuvazuzizhixian,,17275852B37558107040134,CHN,ADM2
Yulinshi,,17275852B30419994709301,CHN,ADM2
Luodingshi,,17275852B1643752484532,CHN,ADM2
Jinghongshi,,17275852B39835801597087,CHN,ADM2
Fusuixian,,17275852B71641756163868,CHN,ADM2
Chongzuoxian,,17275852B15995572811192,CHN,ADM2
Menghaixian,,17275852B3387618125304,CHN,ADM2
Shenzhenxian,,17275852B56364962136156,CHN,ADM2
Beiliushi,,17275852B67003966243436,CHN,ADM2
Heshanshi,,17275852B56120808638546,CHN,ADM2
Xinxingxian,,17275852B47587357578303,CHN,ADM2
Xinhuishi,,17275852B68859127780148,CHN,ADM2
Zhongshanshi,,17275852B27877276340012,CHN,ADM2
Longzhouxian,,17275852B46978756476047,CHN,ADM2
Menglaxian,,17275852B56639900099930,CHN,ADM2
Xinyishi,,17275852B282910546940,CHN,ADM2
Yangchushi,,17275852B75763620561947,CHN,ADM2
Shenzhenshi,,17275852B31711539663260,CHN,ADM2
Pubeixian,,17275852B47611300766307,CHN,ADM2
Jiangmenshi,,17275852B92305935351425,CHN,ADM2
Kaipingshi,,17275852B12258272370747,CHN,ADM2
Lingshanxian,,17275852B26690160376255,CHN,ADM2
Luchuanxian,,17275852B74040811495822,CHN,ADM2
Enpingshi,,17275852B93697739867414,CHN,ADM2
Zhuhaishi,,17275852B21842931785294,CHN,ADM2
Doumenxian,,17275852B60182527489554,CHN,ADM2
Taishanshi,,17275852B64916188375107,CHN,ADM2
Bobaixian,,17275852B53915190353866,CHN,ADM2
Qinzhoushi,,17275852B50490784073671,CHN,ADM2
Ningmingxian,,17275852B24445486288332,CHN,ADM2
Shangsixian,,17275852B8306530590796,CHN,ADM2
Gaozhoushi,,17275852B35416849225692,CHN,ADM2
Yangxixian,,17275852B95277244028777,CHN,ADM2
Pingxiangshi,,17275852B87965925400106,CHN,ADM2
Huazhoushi,,17275852B59014028549632,CHN,ADM2
Fangchenggangshi,,17275852B71635948673445,CHN,ADM2
Dianbaxian,,17275852B95583475247133,CHN,ADM2
Hepuxian,,17275852B19868960828514,CHN,ADM2
Lianjiangxian,,17275852B39380894050966,CHN,ADM2
Maomingshi,,17275852B17785585955827,CHN,ADM2
Wuchuanshi,,17275852B90470795224142,CHN,ADM2
Beihaishi,,17275852B30975390905787,CHN,ADM2
Suixixian,,17275852B89468905887192,CHN,ADM2
Zhanjianghsi,,17275852B86000242921086,CHN,ADM2
Haikangxian,,17275852B16521843045020,CHN,ADM2
Xuwenxian,,17275852B78973254528560,CHN,ADM2
Wenchangxian,,17275852B41190306193582,CHN,ADM2
Qiongshanshi,,17275852B86431238150342,CHN,ADM2
Haikoushi,,17275852B2295538790743,CHN,ADM2
Lingaoxian,,17275852B98891327369808,CHN,ADM2
Chengmaixian,,17275852B7979903099841,CHN,ADM2
Chanzhoushi,,17275852B38939963469829,CHN,ADM2
Dinganxian,,17275852B82960244806798,CHN,ADM2
Tunchangxian,,17275852B38709981190197,CHN,ADM2
Changjianglizuzizhixian,,17275852B88042861362346,CHN,ADM2
Qionghaishi,,17275852B87782309196497,CHN,ADM2
Baishalizuzizhixian,,17275852B70320302334749,CHN,ADM2
Qiongzhonglizumiaozuzizhixian,,17275852B53008264931106,CHN,ADM2
Dongfanglizuzizhixian,,17275852B93743910489906,CHN,ADM2
Wanningshi,,17275852B42599245130625,CHN,ADM2
Ledonglizuzizhixian,,17275852B50589627480209,CHN,ADM2
Baotinglizumiaozuzizhixian,,17275852B85583949591367,CHN,ADM2
Lingshuilizumiaozuzizhixian,,17275852B72819681774342,CHN,ADM2
Shanyashi,,17275852B80309702523612,CHN,ADM2
Pianguanxian,,17275852B71449682154252,CHN,ADM2
Gonghexian,,17275852B58957248362912,CHN,ADM2
Weishanxian,,17275852B62496834928509,CHN,ADM2
Yuhuanxian,,17275852B49260746635311,CHN,ADM2
Xianggang,,17275852B66204891178522,CHN,ADM2
Hamishi,,17275852B89914758736867,CHN,ADM2
Sihongxian,,17275852B51025607344217,CHN,ADM2
Siyangxian,,17275852B34955312985722,CHN,ADM2
Huaiyinxian,,17275852B35544294560010,CHN,ADM2
Hongzexian,,17275852B4361013542927,CHN,ADM2
Jiashanxian,,17275852B78831071059765,CHN,ADM2
Chenggongxian,,17275852B20361966006929,CHN,ADM2
Tonghuaxian,,17275852B35796401654187,CHN,ADM2
Gannanxian,,17275852B36912897985697,CHN,ADM2
Yangzhoushi,,17275852B89230401808313,CHN,ADM2
Xinyangshi,,17275852B74817202637370,CHN,ADM2
Wanyuanxian,,17275852B7920366422581,CHN,ADM2
Shanghaishi,,17275852B82708605205805,CHN,ADM2
Zhoushanshi,,17275852B13333769593378,CHN,ADM2
Wuhanshi,,17275852B52250123531455,CHN,ADM2
Neijiangshi,,17275852B74942656401526,CHN,ADM2
Jinhuashi,,17275852B71369345081906,CHN,ADM2
Changdeshi,,17275852B4186719207812,CHN,ADM2
Taizhoushi,,17275852B23391188567726,CHN,ADM2
Liuanshi,,17275852B65587507291468,CHN,ADM2
Wanxianshi,,17275852B84087342889910,CHN,ADM2
Nanchongshi,,17275852B44138439292663,CHN,ADM2
Letingxian,,17275852B26763632681669,CHN,ADM2
Yueyangxian,,17275852B44768888593389,CHN,ADM2
Xiangyinxian,,17275852B67338721103818,CHN,ADM2
Yuanjiangshi,,17275852B90464021262889,CHN,ADM2
Hanshouxian,,17275852B56896331373363,CHN,ADM2
Yiyangshi,,17275852B6810466809480,CHN,ADM2
Yiyangshi,,17275852B98444291988997,CHN,ADM2
Xichangshi,,17275852B35342422356290,CHN,ADM2
Hongjiangshi,,17275852B73910928059416,CHN,ADM2
Anshunxian,,17275852B54816035718655,CHN,ADM2
Qingyuanshi,,17275852B80982691802979,CHN,ADM2
Qingxinxian,,17275852B47923210823500,CHN,ADM2
,,17275852B34966799109471,CHN,ADM2